,code,name,lot_size,stock_type
0,HK.00001,長和,500,STOCK
1,HK.00002,中電控股,500,STOCK
2,HK.00003,香港中華煤氣,1000,STOCK
3,HK.00004,九龍倉集團,1000,STOCK
4,HK.00005,匯豐控股,400,STOCK
5,HK.00006,電能實業,500,STOCK
6,HK.00007,凱富能源,2000,STOCK
7,HK.00008,電訊盈科,1000,STOCK
8,HK.00009,九號運通,6000,STOCK
9,HK.00010,恒隆集團,1000,STOCK
10,HK.00011,恒生銀行,100,STOCK
11,HK.00012,恒基地產,1000,STOCK
12,HK.00014,希慎興業,1000,STOCK
13,HK.00015,盈信控股,2000,STOCK
14,HK.00016,新鴻基地產,1000,STOCK
15,HK.00017,新世界發展,1000,STOCK
16,HK.00018,東方報業集團,2000,STOCK
17,HK.00019,太古股份公司A,500,STOCK
18,HK.00020,會德豐,1000,STOCK
19,HK.00021,大中華地產控股,5000,STOCK
20,HK.00022,茂盛控股,40000,STOCK
21,HK.00023,東亞銀行,200,STOCK
22,HK.00024,寶威控股,2000,STOCK
23,HK.00025,其士國際,2000,STOCK
24,HK.00026,中華汽車,200,STOCK
25,HK.00027,銀河娛樂,1000,STOCK
26,HK.00028,天安,1000,STOCK
27,HK.00029,達力集團,2000,STOCK
28,HK.00030,萬隆控股集團,2000,STOCK
29,HK.00031,航天控股,2000,STOCK
30,HK.00032,港通控股,1000,STOCK
31,HK.00033,亞投金融集團,2000,STOCK
32,HK.00034,九龍建業,1000,STOCK
33,HK.00035,遠東發展,1000,STOCK
34,HK.00036,遠東控股國際,3000,STOCK
35,HK.00037,遠東酒店實業,2000,STOCK
36,HK.00038,第一拖拉機股份,2000,STOCK
37,HK.00039,中國北大荒,8000,STOCK
38,HK.00040,金山工業,1000,STOCK
39,HK.00041,鷹君,1000,STOCK
40,HK.00042,東北電氣,2000,STOCK
41,HK.00043,卜蜂國際,2000,STOCK
42,HK.00044,香港飛機工程,400,STOCK
43,HK.00045,大酒店,500,STOCK
44,HK.00046,科聯系統,2000,STOCK
45,HK.00047,合興集團,4000,STOCK
46,HK.00048,中國汽車內飾,10000,STOCK
47,HK.00050,香港小輪(集團),1000,STOCK
48,HK.00051,海港企業,1000,STOCK
49,HK.00052,大快活,500,STOCK
50,HK.00053,國浩集團,1000,STOCK
51,HK.00054,合和實業,500,STOCK
52,HK.00055,中星集團控股,10000,STOCK
53,HK.00056,聯合地產(香港),2000,STOCK
54,HK.00057,震雄集團,2000,STOCK
55,HK.00058,新威國際,20000,STOCK
56,HK.00059,天譽置業,2000,STOCK
57,HK.00060,香港食品投資,2000,STOCK
58,HK.00061,北亞資源,5000,STOCK
59,HK.00062,載通,400,STOCK
60,HK.00063,中國烯谷集團,1000,STOCK
61,HK.00064,結好控股,2000,STOCK
62,HK.00065,弘海高新資源,4000,STOCK
63,HK.00066,港鐵公司,500,STOCK
64,HK.00067,旭光高新材料,2000,STOCK
65,HK.00068,利興發展,1000,STOCK
66,HK.00069,香格里拉(亞洲),2000,STOCK
67,HK.00070,海王集團,10000,STOCK
68,HK.00071,美麗華酒店,1000,STOCK
69,HK.00072,現代傳播,2000,STOCK
70,HK.00073,亞洲果業,1000,STOCK
71,HK.00075,渝太地產,2000,STOCK
72,HK.00076,南海石油,4000,STOCK
73,HK.00077,進智公共交通,2000,STOCK
74,HK.00078,富豪酒店,2000,STOCK
75,HK.00079,世紀建業,4000,STOCK
76,HK.00080,中國新經濟投資,20000,STOCK
77,HK.00081,中國海外宏洋集團,1000,STOCK
78,HK.00082,第一視頻,2000,STOCK
79,HK.00083,信和置業,2000,STOCK
80,HK.00084,寶光實業,1000,STOCK
81,HK.00085,中國電子,2000,STOCK
82,HK.00086,新鴻基公司,1000,STOCK
83,HK.00087,太古股份公司B,2500,STOCK
84,HK.00088,大昌集團,1000,STOCK
85,HK.00089,大生地產,1000,STOCK
86,HK.00090,琥珀能源,2000,STOCK
87,HK.00091,標準資源控股,50000,STOCK
88,HK.00092,冠軍科技,2000,STOCK
89,HK.00093,添利工業,2000,STOCK
90,HK.00094,綠心集團,2000,STOCK
91,HK.00095,綠景中國地產,4000,STOCK
92,HK.00096,友成控股,2000,STOCK
93,HK.00097,恒基發展,1000,STOCK
94,HK.00098,興發鋁業,1000,STOCK
95,HK.00099,王氏國際,1000,STOCK
96,HK.00100,白馬戶外媒體,1000,STOCK
97,HK.00101,恒隆地產,1000,STOCK
98,HK.00102,凱升控股,2000,STOCK
99,HK.00103,首長寶佳,2000,STOCK
100,HK.00104,冠亞商業,5000,STOCK
101,HK.00105,凱聯國際酒店,2000,STOCK
102,HK.00106,朗詩綠色地產,4000,STOCK
103,HK.00107,四川成渝高速公路,2000,STOCK
104,HK.00108,國銳地產,2000,STOCK
105,HK.00109,天成國際,10000,STOCK
106,HK.00110,中國長遠,2000,STOCK
107,HK.00111,信達國際控股,2000,STOCK
108,HK.00112,勒泰商業地產,2000,STOCK
109,HK.00113,迪生創建,500,STOCK
110,HK.00114,興利集團,5000,STOCK
111,HK.00115,鈞濠集團,10000,STOCK
112,HK.00116,周生生,1000,STOCK
113,HK.00117,天利控股集團,2000,STOCK
114,HK.00118,大同機械,2000,STOCK
115,HK.00119,保利置業集團,1000,STOCK
116,HK.00120,四海國際,20000,STOCK
117,HK.00121,卜蜂蓮花,10000,STOCK
118,HK.00122,鱷魚恤,1000,STOCK
119,HK.00123,越秀地產,2000,STOCK
120,HK.00124,粵海置地,2000,STOCK
121,HK.00125,新興光學,2000,STOCK
122,HK.00126,佳寧娜,2000,STOCK
123,HK.00127,華人置業,500,STOCK
124,HK.00128,安寧控股,4000,STOCK
125,HK.00129,泛海集團,2000,STOCK
126,HK.00130,慕詩國際,2000,STOCK
127,HK.00131,卓能(集團),1000,STOCK
128,HK.00132,中國興業控股,1000,STOCK
129,HK.00133,招商局中國基金,2000,STOCK
130,HK.00135,昆侖能源,2000,STOCK
131,HK.00136,恒騰網絡,4000,STOCK
132,HK.00137,金輝集團,1000,STOCK
133,HK.00138,中建富通,2000,STOCK
134,HK.00139,中國軟實力,14000,STOCK
135,HK.00141,大中華集團,2000,STOCK
136,HK.00142,第一太平,2000,STOCK
137,HK.00143,耀科國際,2000,STOCK
138,HK.00144,招商局港口,2000,STOCK
139,HK.00145,香港建屋貸款,8000,STOCK
140,HK.00146,太平地氈,1000,STOCK
141,HK.00147,國際商業結算,5000,STOCK
142,HK.00148,建滔化工,500,STOCK
143,HK.00149,中國農產品交易,5000,STOCK
144,HK.00151,中國旺旺,1000,STOCK
145,HK.00152,深圳國際,500,STOCK
146,HK.00153,中國賽特,2000,STOCK
147,HK.00154,北京控股環境集團,1000,STOCK
148,HK.00155,中國源暢,10000,STOCK
149,HK.00156,力寶華潤,10000,STOCK
150,HK.00157,自然美,10000,STOCK
151,HK.00158,萬邦投資,500,STOCK
152,HK.00159,布萊克萬礦業,4000,STOCK
153,HK.00160,漢國置業,2000,STOCK
154,HK.00161,中航國際控股,2000,STOCK
155,HK.00162,世紀金花,2000,STOCK
156,HK.00163,英皇國際,2000,STOCK
157,HK.00164,中國寶力科技,25000,STOCK
158,HK.00165,中國光大控股,2000,STOCK
159,HK.00166,新時代能源,2000,STOCK
160,HK.00167,萬威國際,2000,STOCK
161,HK.00168,青島啤酒股份,2000,STOCK
162,HK.00169,萬達酒店發展,1000,STOCK
163,HK.00170,中國資本,5000,STOCK
164,HK.00171,銀建國際,2000,STOCK
165,HK.00172,金榜集團,10000,STOCK
166,HK.00173,嘉華國際,1000,STOCK
167,HK.00174,盛洋投資,2000,STOCK
168,HK.00175,吉利汽車,5000,STOCK
169,HK.00176,聯太工業,2000,STOCK
170,HK.00177,江蘇寧滬高速公路,2000,STOCK
171,HK.00178,莎莎國際,2000,STOCK
172,HK.00179,德昌電機控股,500,STOCK
173,HK.00180,開達集團,2000,STOCK
174,HK.00181,閩港控股,20000,STOCK
175,HK.00182,協合新能源,10000,STOCK
176,HK.00183,宏輝集團,8000,STOCK
177,HK.00184,激成投資,2000,STOCK
178,HK.00185,正恒國際控股,10000,STOCK
179,HK.00186,嘉域集團,30000,STOCK
180,HK.00187,京城機電股份,2000,STOCK
181,HK.00188,新華匯富金融,10000,STOCK
182,HK.00189,東岳集團,1000,STOCK
183,HK.00190,香港建設(控股),1000,STOCK
184,HK.00191,麗新國際,5000,STOCK
185,HK.00193,冠中地產,15000,STOCK
186,HK.00194,廖創興企業,2000,STOCK
187,HK.00195,利海資源,10000,STOCK
188,HK.00196,宏華集團,1000,STOCK
189,HK.00197,亨泰,5000,STOCK
190,HK.00198,星美控股,4000,STOCK
191,HK.00199,德祥地產,1000,STOCK
192,HK.00200,新濠國際發展,1000,STOCK
193,HK.00201,華大酒店,2000,STOCK
194,HK.00202,潤中國際控股,5000,STOCK
195,HK.00204,中國投資開發,20000,STOCK
196,HK.00205,財訊傳媒,20000,STOCK
197,HK.00206,TSC集團,1000,STOCK
198,HK.00207,大悅城地產,2000,STOCK
199,HK.00208,保利達資產,5000,STOCK
200,HK.00209,瀛晟科學,4000,STOCK
201,HK.00210,達芙妮國際,2000,STOCK
202,HK.00211,大淩集團,10000,STOCK
203,HK.00212,南洋集團,500,STOCK
204,HK.00213,樂聲電子,2000,STOCK
205,HK.00214,匯漢控股,2000,STOCK
206,HK.00215,和記電訊香港,2000,STOCK
207,HK.00216,建業實業,4000,STOCK
208,HK.00217,中國誠通發展集團,2000,STOCK
209,HK.00218,申萬宏源,5000,STOCK
210,HK.00219,順豪物業,2000,STOCK
211,HK.00220,統一企業中國,1000,STOCK
212,HK.00221,易易壹金融,20000,STOCK
213,HK.00222,閩信集團,2000,STOCK
214,HK.00223,易生活控股,2000,STOCK
215,HK.00224,建生國際,4000,STOCK
216,HK.00225,博富臨置業,2000,STOCK
217,HK.00226,力寶,1000,STOCK
218,HK.00227,第一上海,8000,STOCK
219,HK.00228,中能控股,2000,STOCK
220,HK.00229,利民實業,1000,STOCK
221,HK.00230,五礦地產,2000,STOCK
222,HK.00231,平安證券集團控股,20000,STOCK
223,HK.00232,中國航空工業國際,2000,STOCK
224,HK.00233,銘源醫療,10000,STOCK
225,HK.00234,新世紀集團,8000,STOCK
226,HK.00235,中策集團,5000,STOCK
227,HK.00236,香港生力啤,2000,STOCK
228,HK.00237,安全貨倉,2000,STOCK
229,HK.00238,長興國際,1000,STOCK
230,HK.00239,白花油,2500,STOCK
231,HK.00240,利基控股,10000,STOCK
232,HK.00241,阿里健康,2000,STOCK
233,HK.00242,信德集團,2000,STOCK
234,HK.00243,品質國際,9000,STOCK
235,HK.00244,先施,1000,STOCK
236,HK.00245,中國民生金融,10000,STOCK
237,HK.00246,瑞金礦業,500,STOCK
238,HK.00247,尖沙咀置業,2000,STOCK
239,HK.00248,香港通訊國際控股,4000,STOCK
240,HK.00250,中國數碼信息,10000,STOCK
241,HK.00251,爪哇控股,2000,STOCK
242,HK.00252,華信地產財務,2000,STOCK
243,HK.00253,順豪控股,2000,STOCK
244,HK.00254,國家聯合資源,10000,STOCK
245,HK.00255,龍記集團,2000,STOCK
246,HK.00256,冠城鐘錶珠寶,2000,STOCK
247,HK.00257,中國光大國際,1000,STOCK
248,HK.00258,湯臣集團,2000,STOCK
249,HK.00259,億都(國際控股),2000,STOCK
250,HK.00260,幸福控股,10000,STOCK
251,HK.00261,中建置地,80000,STOCK
252,HK.00262,迪臣發展國際,5000,STOCK
253,HK.00263,高富集團控股,4000,STOCK
254,HK.00264,中璽國際,4000,STOCK
255,HK.00265,東勝中國,10000,STOCK
256,HK.00266,天德地產,2000,STOCK
257,HK.00267,中信股份,1000,STOCK
258,HK.00268,金蝶國際,2000,STOCK
259,HK.00269,中國資源交通,5000,STOCK
260,HK.00270,粵海投資,2000,STOCK
261,HK.00271,丹楓控股,1000,STOCK
262,HK.00272,瑞安房地產,500,STOCK
263,HK.00273,民信金控,20000,STOCK
264,HK.00274,中富資源,40000,STOCK
265,HK.00275,凱華集團,10000,STOCK
266,HK.00276,蒙古能源,3000,STOCK
267,HK.00277,太興置業,2000,STOCK
268,HK.00278,華廈置業,2000,STOCK
269,HK.00279,民眾金融科技,20000,STOCK
270,HK.00280,景福集團,2000,STOCK
271,HK.00281,川河集團,2000,STOCK
272,HK.00282,壹傳媒,2000,STOCK
273,HK.00283,高銀地產,2000,STOCK
274,HK.00285,比亞迪電子,500,STOCK
275,HK.00286,同佳健康,2000,STOCK
276,HK.00287,永發置業,2000,STOCK
277,HK.00288,萬洲國際,500,STOCK
278,HK.00289,永安百貨,1000,STOCK
279,HK.00290,中國富強金融,2000,STOCK
280,HK.00291,華潤啤酒,2000,STOCK
281,HK.00292,泛海酒店,10000,STOCK
282,HK.00293,國泰航空,1000,STOCK
283,HK.00294,長江製衣,1000,STOCK
284,HK.00295,江山控股,25000,STOCK
285,HK.00296,英皇娛樂酒店,5000,STOCK
286,HK.00297,中化化肥,2000,STOCK
287,HK.00298,莊士中國,10000,STOCK
288,HK.00299,新體育,10000,STOCK
289,HK.00300,昆明機床,2000,STOCK
290,HK.00303,偉易達,100,STOCK
291,HK.00305,五菱汽車,10000,STOCK
292,HK.00306,冠忠巴士集團,2000,STOCK
293,HK.00307,優派能源發展,2000,STOCK
294,HK.00308,香港中旅,2000,STOCK
295,HK.00309,新華通訊頻媒,1000,STOCK
296,HK.00310,嘉進投資國際,15000,STOCK
297,HK.00311,聯泰控股,1000,STOCK
298,HK.00312,歲寶百貨,2000,STOCK
299,HK.00313,裕田中國,50000,STOCK
300,HK.00315,數碼通電訊,500,STOCK
301,HK.00316,東方海外國際,500,STOCK
302,HK.00317,中船防務,2000,STOCK
303,HK.00318,黃河實業,5000,STOCK
304,HK.00319,勤美達國際,2000,STOCK
305,HK.00320,金寶通,2000,STOCK
306,HK.00321,德永佳集團,2000,STOCK
307,HK.00322,康師傅控股,2000,STOCK
308,HK.00323,馬鞍山鋼鐵股份,2000,STOCK
309,HK.00326,中國星集團,10000,STOCK
310,HK.00327,百富環球,1000,STOCK
311,HK.00328,愛高集團,2000,STOCK
312,HK.00329,叁龍國際,4000,STOCK
313,HK.00330,思捷環球,100,STOCK
314,HK.00331,豐盛機電,1000,STOCK
315,HK.00332,元亨燃氣,4000,STOCK
316,HK.00333,黛麗斯國際,2000,STOCK
317,HK.00334,TCL顯示科技,8000,STOCK
318,HK.00335,美建集團,2000,STOCK
319,HK.00336,華寶國際,1000,STOCK
320,HK.00337,綠地香港,1000,STOCK
321,HK.00338,上海石油化工股份,2000,STOCK
322,HK.00339,安利時投資,10000,STOCK
323,HK.00340,中國礦業,2000,STOCK
324,HK.00341,大家樂集團,2000,STOCK
325,HK.00342,新海能源,2000,STOCK
326,HK.00343,文化傳信,5000,STOCK
327,HK.00345,維他奶國際,2000,STOCK
328,HK.00346,延長石油國際,10000,STOCK
329,HK.00347,鞍鋼股份,2000,STOCK
330,HK.00348,中國智能健康,2000,STOCK
331,HK.00351,亞洲能源物流,10000,STOCK
332,HK.00352,富陽,2000,STOCK
333,HK.00353,能源國際投資,20000,STOCK
334,HK.00354,中國軟件國際,2000,STOCK
335,HK.00355,世紀城市國際,4000,STOCK
336,HK.00356,鼎立資本,30000,STOCK
337,HK.00357,航基股份,1000,STOCK
338,HK.00358,江西銅業股份,1000,STOCK
339,HK.00359,海升果汁,4000,STOCK
340,HK.00360,新焦點,4000,STOCK
341,HK.00361,順龍控股,20000,STOCK
342,HK.00362,中國天化工,10000,STOCK
343,HK.00363,上海實業控股,1000,STOCK
344,HK.00364,坪山茶業,4000,STOCK
345,HK.00365,紫光控股,2000,STOCK
346,HK.00366,陸氏集團(越南),2000,STOCK
347,HK.00367,莊士機構國際,4000,STOCK
348,HK.00368,中外運航運,500,STOCK
349,HK.00369,永泰地產,2000,STOCK
350,HK.00370,國華,20000,STOCK
351,HK.00371,北控水務集團,2000,STOCK
352,HK.00372,德祥企業,2000,STOCK
353,HK.00373,聯合集團,2000,STOCK
354,HK.00374,四洲集團,2000,STOCK
355,HK.00375,YGM貿易,1000,STOCK
356,HK.00376,雲鋒金融,2000,STOCK
357,HK.00377,華君控股,4000,STOCK
358,HK.00378,五龍動力,2000,STOCK
359,HK.00379,恒嘉融資租賃,10000,STOCK
360,HK.00380,冠力國際,4000,STOCK
361,HK.00381,僑雄國際,10000,STOCK
362,HK.00382,威靈控股,2000,STOCK
363,HK.00383,中國醫療網絡,10000,STOCK
364,HK.00384,中國燃氣,2000,STOCK
365,HK.00385,建聯集團,2000,STOCK
366,HK.00386,中國石油化工股份,2000,STOCK
367,HK.00387,力豐(集團),4000,STOCK
368,HK.00388,香港交易所,100,STOCK
369,HK.00389,通天酒業,2000,STOCK
370,HK.00390,中國中鐵,1000,STOCK
371,HK.00391,美亞娛樂資訊,20000,STOCK
372,HK.00392,北京控股,500,STOCK
373,HK.00393,旭日企業,4000,STOCK
374,HK.00395,中國智能集團,8000,STOCK
375,HK.00396,興利(香港)控股,2000,STOCK
376,HK.00397,君陽金融,10000,STOCK
377,HK.00398,東方表行集團,2000,STOCK
378,HK.00399,領航醫藥生物科技,5000,STOCK
379,HK.00400,科通芯城,1000,STOCK
380,HK.00401,萬嘉集團,5000,STOCK
381,HK.00402,天下圖控股,20000,STOCK
382,HK.00403,星光集團,2000,STOCK
383,HK.00404,新昌集團控股,2000,STOCK
384,HK.00406,有利集團,2000,STOCK
385,HK.00408,葉氏化工集團,2000,STOCK
386,HK.00410,SOHO中國,500,STOCK
387,HK.00411,南順(香港),1000,STOCK
388,HK.00412,中國新金融,6000,STOCK
389,HK.00413,南華集團控股,8000,STOCK
390,HK.00416,錦州銀行,1000,STOCK
391,HK.00417,謝瑞麟,2000,STOCK
392,HK.00418,方正控股,2000,STOCK
393,HK.00419,華誼騰訊娛樂,10000,STOCK
394,HK.00420,福田實業,2000,STOCK
395,HK.00422,越南製造加工出口,1000,STOCK
396,HK.00423,經濟日報集團,2000,STOCK
397,HK.00425,敏實集團,2000,STOCK
398,HK.00426,萬華媒體,2000,STOCK
399,HK.00428,匯嘉中國,2000,STOCK
400,HK.00430,東方網庫,2000,STOCK
401,HK.00431,大中華金融,4000,STOCK
402,HK.00432,盈大地產,1000,STOCK
403,HK.00433,北方礦業,10000,STOCK
404,HK.00434,博雅互動,1000,STOCK
405,HK.00436,新宇環保,20000,STOCK
406,HK.00438,彩虹新能源,2000,STOCK
407,HK.00439,光啟科學,1000,STOCK
408,HK.00440,大新金融,400,STOCK
409,HK.00442,KTL INT'L,1000,STOCK
410,HK.00444,先施表行,10000,STOCK
411,HK.00445,中國消防,5000,STOCK
412,HK.00449,志高控股,2000,STOCK
413,HK.00450,鴻興印刷集團,2000,STOCK
414,HK.00451,協鑫新能源,2000,STOCK
415,HK.00455,天大藥業,2000,STOCK
416,HK.00456,新城市建設發展,20000,STOCK
417,HK.00458,聯亞集團,1000,STOCK
418,HK.00459,美聯工商舖,10000,STOCK
419,HK.00460,四環醫藥,1000,STOCK
420,HK.00462,天然乳品,4000,STOCK
421,HK.00464,建福集團,4000,STOCK
422,HK.00465,富通科技,2000,STOCK
423,HK.00467,聯合能源集團,2000,STOCK
424,HK.00468,紛美包裝,1000,STOCK
425,HK.00469,凱普松國際,4000,STOCK
426,HK.00471,中播控股,4000,STOCK
427,HK.00472,新絲路文旅,10000,STOCK
428,HK.00474,昊天發展集團,6000,STOCK
429,HK.00475,中發展控股,2000,STOCK
430,HK.00476,中國動力控股,10000,STOCK
431,HK.00479,華建控股,20000,STOCK
432,HK.00480,香港興業國際,800,STOCK
433,HK.00482,聖馬丁國際,2000,STOCK
434,HK.00483,包浩斯國際,2000,STOCK
435,HK.00484,雲遊控股,100,STOCK
436,HK.00485,中國華星,20000,STOCK
437,HK.00486,俄羅斯鋁業,1000,STOCK
438,HK.00487,實德環球,4000,STOCK
439,HK.00488,麗新發展,15000,STOCK
440,HK.00489,東風集團股份,2000,STOCK
441,HK.00491,漢傳媒,20000,STOCK
442,HK.00493,國美電器,1000,STOCK
443,HK.00494,利豐,2000,STOCK
444,HK.00495,百利大,5000,STOCK
445,HK.00496,卡森國際,1000,STOCK
446,HK.00497,資本策略地產,10000,STOCK
447,HK.00498,保華集團,2000,STOCK
448,HK.00499,青島控股,2000,STOCK
449,HK.00500,先豐服務集團,1000,STOCK
450,HK.00503,朗生醫藥,1000,STOCK
451,HK.00505,歡悅互娛,1000,STOCK
452,HK.00506,中國食品,2000,STOCK
453,HK.00508,鼎億集團投資,5000,STOCK
454,HK.00509,世紀陽光,5000,STOCK
455,HK.00510,時富金融服務集團,6000,STOCK
456,HK.00511,電視廣播,100,STOCK
457,HK.00512,遠大醫藥,4000,STOCK
458,HK.00513,恆和集團,10000,STOCK
459,HK.00515,達進東方照明,2000,STOCK
460,HK.00517,中遠海運國際,2000,STOCK
461,HK.00518,同得仕(集團),2000,STOCK
462,HK.00519,實力建業,5000,STOCK
463,HK.00520,呷哺呷哺,500,STOCK
464,HK.00521,海航實業股份,10000,STOCK
465,HK.00522,ASM太平洋,100,STOCK
466,HK.00524,E-KONG,10000,STOCK
467,HK.00525,廣深鐵路股份,2000,STOCK
468,HK.00526,利時集團控股,2000,STOCK
469,HK.00527,瑞風新能源,4000,STOCK
470,HK.00528,金達控股,2000,STOCK
471,HK.00529,新龍國際,2000,STOCK
472,HK.00530,高銀金融,2000,STOCK
473,HK.00531,順誠,1000,STOCK
474,HK.00532,王氏港建,2000,STOCK
475,HK.00533,金利來集團,1000,STOCK
476,HK.00535,金地商置,2000,STOCK
477,HK.00536,貿易通,2000,STOCK
478,HK.00538,味千(中國),1000,STOCK
479,HK.00539,冠華國際控股,2000,STOCK
480,HK.00540,迅捷環球控股,4000,STOCK
481,HK.00542,新嶺域集團,8000,STOCK
482,HK.00543,太平洋網絡,1000,STOCK
483,HK.00544,大同集團,20000,STOCK
484,HK.00546,阜豐集團,1000,STOCK
485,HK.00547,數字王國,10000,STOCK
486,HK.00548,深圳高速公路股份,2000,STOCK
487,HK.00549,奇峰化纖,2000,STOCK
488,HK.00550,先傳媒,2000,STOCK
489,HK.00551,裕元集團,500,STOCK
490,HK.00552,中國通信服務,2000,STOCK
491,HK.00553,南京熊貓電子股份,2000,STOCK
492,HK.00554,漢思能源,2000,STOCK
493,HK.00555,御泰中彩控股,25000,STOCK
494,HK.00556,泛亞環保,2000,STOCK
495,HK.00557,CITY E-SOLUTION,2000,STOCK
496,HK.00558,力勁科技,2500,STOCK
497,HK.00559,德泰新能源集團,10000,STOCK
498,HK.00560,珠江船務,2000,STOCK
499,HK.00563,上實城市開發,2000,STOCK
500,HK.00564,鄭煤機,200,STOCK
501,HK.00565,錦藝集團控股,5000,STOCK
502,HK.00566,漢能薄膜發電,2000,STOCK
503,HK.00567,大昌微綫集團,2000,STOCK
504,HK.00568,山東墨龍,400,STOCK
505,HK.00569,中國自動化,1000,STOCK
506,HK.00570,中國中藥,2000,STOCK
507,HK.00571,豐德麗控股,2000,STOCK
508,HK.00572,未來世界金融,4000,STOCK
509,HK.00573,稻香控股,1000,STOCK
510,HK.00574,百信藥業,2000,STOCK
511,HK.00575,勵晶太平洋,10000,STOCK
512,HK.00576,浙江滬杭甬,2000,STOCK
513,HK.00577,十三集團,500,STOCK
514,HK.00578,融信資源,10000,STOCK
515,HK.00579,京能清潔能源,2000,STOCK
516,HK.00580,賽晶電力電子,2000,STOCK
517,HK.00581,中國東方集團,2000,STOCK
518,HK.00582,藍鼎國際,5000,STOCK
519,HK.00583,長城環亞控股,2000,STOCK
520,HK.00585,意馬國際,8000,STOCK
521,HK.00586,海螺創業,500,STOCK
522,HK.00587,華瀚健康,4000,STOCK
523,HK.00588,北京北辰實業股份,2000,STOCK
524,HK.00589,寶國國際,500,STOCK
525,HK.00590,六福集團,1000,STOCK
526,HK.00591,中國高精密,1000,STOCK
527,HK.00592,堡獅龍,2000,STOCK
528,HK.00593,天洋國際控股,500,STOCK
529,HK.00595,先思行,2000,STOCK
530,HK.00596,浪潮國際,2000,STOCK
531,HK.00598,中國外運,1000,STOCK
532,HK.00599,怡邦行控股,4000,STOCK
533,HK.00600,中國基建投資,2000,STOCK
534,HK.00601,權智(國際),10000,STOCK
535,HK.00602,佳華百貨控股,2500,STOCK
536,HK.00603,中油燃氣,20000,STOCK
537,HK.00604,深圳控股,2000,STOCK
538,HK.00605,中國金融投資管理,2000,STOCK
539,HK.00606,中國糧油控股,1000,STOCK
540,HK.00607,豐盛控股,2500,STOCK
541,HK.00608,達利國際,2000,STOCK
542,HK.00609,天德化工,4000,STOCK
543,HK.00610,惠記集團,2000,STOCK
544,HK.00611,中國核能科技,2000,STOCK
545,HK.00612,中國投資基金公司,8000,STOCK
546,HK.00613,渝港國際,2000,STOCK
547,HK.00616,高山企業,5000,STOCK
548,HK.00617,百利保控股,2000,STOCK
549,HK.00618,北大資源,2000,STOCK
550,HK.00619,南華金融,50000,STOCK
551,HK.00620,大唐西市,2000,STOCK
552,HK.00621,壇金礦業,10000,STOCK
553,HK.00622,威華達控股,3000,STOCK
554,HK.00623,中視金橋,1000,STOCK
555,HK.00626,大眾金融控股,2000,STOCK
556,HK.00627,佑威國際,20000,STOCK
557,HK.00628,華銀控股,2000,STOCK
558,HK.00629,悅達礦業,1000,STOCK
559,HK.00630,雋泰控股,10000,STOCK
560,HK.00631,三一國際,1000,STOCK
561,HK.00632,東方明珠石油,1000,STOCK
562,HK.00633,中國全通,2000,STOCK
563,HK.00635,彩星集團,2000,STOCK
564,HK.00636,嘉里物流,500,STOCK
565,HK.00637,利記,2000,STOCK
566,HK.00638,建溢集團,2000,STOCK
567,HK.00639,首鋼資源,2000,STOCK
568,HK.00640,星謙發展,4000,STOCK
569,HK.00641,恒天立信,2000,STOCK
570,HK.00643,恆富控股,10000,STOCK
571,HK.00645,安域亞洲,2000,STOCK
572,HK.00646,中國環保科技,8000,STOCK
573,HK.00647,JOYCE BOUTIQUE,2000,STOCK
574,HK.00648,中國華仁醫療,2500,STOCK
575,HK.00650,IDG能源,2000,STOCK
576,HK.00651,中海重工,5000,STOCK
577,HK.00653,卓悅控股,2000,STOCK
578,HK.00655,香港華人有限公司,2000,STOCK
579,HK.00656,復星國際,500,STOCK
580,HK.00657,環科國際,2000,STOCK
581,HK.00658,中國高速傳動,1000,STOCK
582,HK.00659,新創建集團,1000,STOCK
583,HK.00660,偉俊礦業集團,10000,STOCK
584,HK.00661,中國大冶有色金屬,2000,STOCK
585,HK.00662,亞洲金融,2000,STOCK
586,HK.00663,金山能源,1000,STOCK
587,HK.00665,海通國際,1000,STOCK
588,HK.00666,新工投資,20000,STOCK
589,HK.00668,東銀國際控股,2000,STOCK
590,HK.00669,創科實業,500,STOCK
591,HK.00670,中國東方航空股份,2000,STOCK
592,HK.00672,眾安房產,1000,STOCK
593,HK.00673,中國衛生控股,3000,STOCK
594,HK.00674,文化地標投資,4000,STOCK
595,HK.00675,堅寶國際,2000,STOCK
596,HK.00676,創信國際,2000,STOCK
597,HK.00677,金源米業,2000,STOCK
598,HK.00678,雲頂香港,1000,STOCK
599,HK.00679,亞洲聯網科技,10000,STOCK
600,HK.00680,南海控股,50000,STOCK
601,HK.00681,中民控股,2000,STOCK
602,HK.00682,超大現代,2000,STOCK
603,HK.00683,嘉里建設,500,STOCK
604,HK.00684,亞倫國際,2000,STOCK
605,HK.00685,世界華文媒體,1000,STOCK
606,HK.00686,聯合光伏,2000,STOCK
607,HK.00687,香港國際建投,2000,STOCK
608,HK.00688,中國海外發展,2000,STOCK
609,HK.00689,長盈集團(控股),15000,STOCK
610,HK.00690,聯康生物科技集團,20000,STOCK
611,HK.00691,山水水泥,1000,STOCK
612,HK.00692,中國家居,5000,STOCK
613,HK.00693,陳唱國際,3000,STOCK
614,HK.00694,北京首都機場股份,2000,STOCK
615,HK.00695,東吳水泥,2000,STOCK
616,HK.00696,中國民航信息網絡,1000,STOCK
617,HK.00697,首長國際,2000,STOCK
618,HK.00698,通達集團,10000,STOCK
619,HK.00699,神州租車,1000,STOCK
620,HK.00700,騰訊控股,100,STOCK
621,HK.00701,北海集團,2000,STOCK
622,HK.00702,中國油氣控股,5000,STOCK
623,HK.00703,佳景集團,6000,STOCK
624,HK.00704,和嘉資源,10000,STOCK
625,HK.00705,鼎和礦業,12000,STOCK
626,HK.00706,美麗中國控股,10000,STOCK
627,HK.00707,協盛協豐,2000,STOCK
628,HK.00708,恒大健康,5000,STOCK
629,HK.00709,佐丹奴國際,2000,STOCK
630,HK.00710,精電,1000,STOCK
631,HK.00711,亞洲聯合基建控股,2000,STOCK
632,HK.00712,卡姆丹克太陽能,2000,STOCK
633,HK.00713,世界(集團),2000,STOCK
634,HK.00715,中泛控股,2000,STOCK
635,HK.00716,勝獅貨櫃,2000,STOCK
636,HK.00717,英皇證券,6000,STOCK
637,HK.00718,太和控股,5000,STOCK
638,HK.00719,山東新華製藥股份,2000,STOCK
639,HK.00720,意達利控股,25000,STOCK
640,HK.00721,中國金融國際,10000,STOCK
641,HK.00722,聯合醫務,2000,STOCK
642,HK.00723,永保林業,60000,STOCK
643,HK.00724,瑞鑫國際集團,10000,STOCK
644,HK.00725,恆都集團,2000,STOCK
645,HK.00726,中民築友科技,20000,STOCK
646,HK.00727,皇冠環球集團,2000,STOCK
647,HK.00728,中國電信,2000,STOCK
648,HK.00729,五龍電動車,5000,STOCK
649,HK.00730,首長四方,1000,STOCK
650,HK.00731,森信紙業集團,2000,STOCK
651,HK.00732,信利國際,2000,STOCK
652,HK.00733,合富輝煌,2000,STOCK
653,HK.00735,中國電力新能源,500,STOCK
654,HK.00736,中國置業投資,3000,STOCK
655,HK.00737,合和公路基建,500,STOCK
656,HK.00738,萊爾斯丹,2000,STOCK
657,HK.00743,亞洲水泥(中國),500,STOCK
658,HK.00745,中國國家文化產業,10000,STOCK
659,HK.00746,理文化工,2000,STOCK
660,HK.00747,瀋陽公用發展股份,2000,STOCK
661,HK.00750,興業太陽能,1000,STOCK
662,HK.00751,創維數碼,2000,STOCK
663,HK.00752,筆克遠東,2000,STOCK
664,HK.00753,中國國航,2000,STOCK
665,HK.00754,合生創展集團,2000,STOCK
666,HK.00755,上海証大,5000,STOCK
667,HK.00756,天溢森美,4000,STOCK
668,HK.00757,陽光能源,1000,STOCK
669,HK.00758,莊勝百貨,2000,STOCK
670,HK.00759,CEC國際,2000,STOCK
671,HK.00760,新天地產集團,15000,STOCK
672,HK.00761,百營環球資源,2000,STOCK
673,HK.00762,中國聯通,2000,STOCK
674,HK.00763,中興通訊,200,STOCK
675,HK.00764,永恒策略,10000,STOCK
676,HK.00765,威發國際,2000,STOCK
677,HK.00766,中盈集團控股,5000,STOCK
678,HK.00767,太平洋實業,40000,STOCK
679,HK.00768,開明投資,2000,STOCK
680,HK.00769,中國稀土,2000,STOCK
681,HK.00770,滬光國際,1000,STOCK
682,HK.00771,自動系統,2000,STOCK
683,HK.00775,長江生命科技,2000,STOCK
684,HK.00776,帝國集團環球控股,1000,STOCK
685,HK.00777,網龍,500,STOCK
686,HK.00787,利標品牌,2000,STOCK
687,HK.00789,雅天妮,20000,STOCK
688,HK.00794,錦勝集團(控股),2000,STOCK
689,HK.00798,中電光谷,4000,STOCK
690,HK.00799,IGG,1000,STOCK
691,HK.00800,A8新媒體,2000,STOCK
692,HK.00801,金衛醫療,4000,STOCK
693,HK.00802,宏霸數碼,10000,STOCK
694,HK.00803,昌興國際,20000,STOCK
695,HK.00805,GLENCORE,100,STOCK
696,HK.00806,惠理集團,1000,STOCK
697,HK.00809,大成生化科技,2000,STOCK
698,HK.00810,中國互聯網投資,6000,STOCK
699,HK.00811,新華文軒,1000,STOCK
700,HK.00812,西證國際證券,2000,STOCK
701,HK.00813,世茂房地產,500,STOCK
702,HK.00814,北京京客隆,1000,STOCK
703,HK.00815,中國白銀集團,2000,STOCK
704,HK.00816,華電福新,2000,STOCK
705,HK.00817,中國金茂,2000,STOCK
706,HK.00818,高陽科技,3000,STOCK
707,HK.00819,天能動力,2000,STOCK
708,HK.00821,匯盈控股,4000,STOCK
709,HK.00822,嘉瑞國際,2000,STOCK
710,HK.00825,新世界百貨中國,1000,STOCK
711,HK.00826,天工國際,2000,STOCK
712,HK.00827,玖源集團,4000,STOCK
713,HK.00828,王朝酒業,2000,STOCK
714,HK.00829,神冠控股,2000,STOCK
715,HK.00830,遠東環球,2000,STOCK
716,HK.00831,利亞零售,2000,STOCK
717,HK.00832,建業地產,1000,STOCK
718,HK.00833,華訊,1000,STOCK
719,HK.00834,康大食品,4000,STOCK
720,HK.00835,亞洲煤業,10000,STOCK
721,HK.00836,華潤電力,2000,STOCK
722,HK.00837,譚木匠,2000,STOCK
723,HK.00838,億和控股,2000,STOCK
724,HK.00840,天業節水,2000,STOCK
725,HK.00841,木薯資源,2000,STOCK
726,HK.00842,理士國際,1000,STOCK
727,HK.00844,廣豪國際,4000,STOCK
728,HK.00845,恒盛地產,1000,STOCK
729,HK.00846,明發集團,1000,STOCK
730,HK.00847,哈薩克礦業—S,30,STOCK
731,HK.00848,茂業國際,1000,STOCK
732,HK.00850,投融長富,4000,STOCK
733,HK.00851,盛源控股,10000,STOCK
734,HK.00852,海峽石油化工,2000,STOCK
735,HK.00853,微創醫療,1000,STOCK
736,HK.00854,威雅利,1000,STOCK
737,HK.00855,中國水務,2000,STOCK
738,HK.00856,偉仕控股,2000,STOCK
739,HK.00857,中國石油股份,2000,STOCK
740,HK.00858,精優藥業,10000,STOCK
741,HK.00859,鎮科集團,2000,STOCK
742,HK.00860,奧立仕控股,12000,STOCK
743,HK.00861,神州控股,1000,STOCK
744,HK.00862,遠見控股,20000,STOCK
745,HK.00863,品牌中國,2000,STOCK
746,HK.00864,永利地產發展,4000,STOCK
747,HK.00865,建德國際控股,4000,STOCK
748,HK.00866,中國秦發,2000,STOCK
749,HK.00867,康哲藥業,1000,STOCK
750,HK.00868,信義玻璃,2000,STOCK
751,HK.00869,彩星玩具,4000,STOCK
752,HK.00871,中國疏浚環保,1000,STOCK
753,HK.00872,啟迪國際,2000,STOCK
754,HK.00873,中國泰豐床品,2000,STOCK
755,HK.00874,白雲山,2000,STOCK
756,HK.00875,中國金控,20000,STOCK
757,HK.00876,美加醫學,10000,STOCK
758,HK.00877,昂納科技集團,1000,STOCK
759,HK.00878,金朝陽集團,500,STOCK
760,HK.00880,澳博控股,1000,STOCK
761,HK.00881,中升控股,500,STOCK
762,HK.00882,天津發展,2000,STOCK
763,HK.00883,中國海洋石油,1000,STOCK
764,HK.00884,旭輝控股集團,2000,STOCK
765,HK.00885,仁天科技控股,10000,STOCK
766,HK.00886,銀基集團,3000,STOCK
767,HK.00887,英皇鐘錶珠寶,10000,STOCK
768,HK.00888,路訊通,2000,STOCK
769,HK.00889,連達科技控股,2000,STOCK
770,HK.00891,利邦,2000,STOCK
771,HK.00893,中國鐵鈦,1000,STOCK
772,HK.00894,萬裕科技,2000,STOCK
773,HK.00895,東江環保,200,STOCK
774,HK.00896,興勝創建,2000,STOCK
775,HK.00897,位元堂,5000,STOCK
776,HK.00898,萬事昌國際,2000,STOCK
777,HK.00899,亞洲資源,10000,STOCK
778,HK.00900,AEON信貸,2000,STOCK
779,HK.00901,鷹力投資,20000,STOCK
780,HK.00902,華能國際電力股份,2000,STOCK
781,HK.00903,冠捷科技,2000,STOCK
782,HK.00904,中綠,4000,STOCK
783,HK.00905,環球大通投資,16000,STOCK
784,HK.00906,中糧包裝,1000,STOCK
785,HK.00907,高雅光學,2000,STOCK
786,HK.00908,珠海控股投資,2000,STOCK
787,HK.00909,中大國際,2000,STOCK
788,HK.00910,中國三迪,12000,STOCK
789,HK.00911,前海健康,10000,STOCK
790,HK.00912,信佳國際,2000,STOCK
791,HK.00913,合一投資,10000,STOCK
792,HK.00914,安徽海螺水泥股份,500,STOCK
793,HK.00915,道和環球,1000,STOCK
794,HK.00916,龍源電力,1000,STOCK
795,HK.00918,第一德勝控股,2000,STOCK
796,HK.00919,現代美容,4000,STOCK
797,HK.00921,海信科龍,1000,STOCK
798,HK.00922,安賢園中國,20000,STOCK
799,HK.00923,綜合環保集團,2000,STOCK
800,HK.00925,北京建設,2000,STOCK
801,HK.00926,碧生源,1000,STOCK
802,HK.00927,富士高實業,2000,STOCK
803,HK.00928,野馬國際,4000,STOCK
804,HK.00929,國際精密,5000,STOCK
805,HK.00930,中國森林,2000,STOCK
806,HK.00931,中國天然氣,20000,STOCK
807,HK.00932,御藥堂,4000,STOCK
808,HK.00933,光匯石油,1000,STOCK
809,HK.00934,中石化冠德,2000,STOCK
810,HK.00935,龍翔集團,2000,STOCK
811,HK.00936,鵬程亞洲,10000,STOCK
812,HK.00938,民生國際,2000,STOCK
813,HK.00939,建設銀行,1000,STOCK
814,HK.00940,中國動物保健品,1000,STOCK
815,HK.00941,中國移動,500,STOCK
816,HK.00943,意科控股,8000,STOCK
817,HK.00945,宏利金融—S,100,STOCK
818,HK.00947,摩比發展,1000,STOCK
819,HK.00948,融達控股,2000,STOCK
820,HK.00950,李氏大藥廠,500,STOCK
821,HK.00951,超威動力,1000,STOCK
822,HK.00952,華富國際,10000,STOCK
823,HK.00953,邵氏兄弟控股,2000,STOCK
824,HK.00954,常茂生物,4000,STOCK
825,HK.00956,新天綠色能源,1000,STOCK
826,HK.00958,華能新能源,2000,STOCK
827,HK.00959,奧瑪仕國際,2000,STOCK
828,HK.00960,龍湖地產,500,STOCK
829,HK.00963,華熙生物科技,2500,STOCK
830,HK.00966,中國太平,200,STOCK
831,HK.00967,桑德國際,1000,STOCK
832,HK.00968,信義光能,2000,STOCK
833,HK.00969,華聯國際,2000,STOCK
834,HK.00970,耀萊集團,8000,STOCK
835,HK.00973,歐舒丹,250,STOCK
836,HK.00974,中國順客隆,1000,STOCK
837,HK.00975,蒙古焦煤,500,STOCK
838,HK.00976,齊合天地,2000,STOCK
839,HK.00978,招商局置地,2000,STOCK
840,HK.00979,綠色能源科技集團,2000,STOCK
841,HK.00980,聯華超市,1000,STOCK
842,HK.00981,中芯國際,500,STOCK
843,HK.00982,卓智控股,20000,STOCK
844,HK.00983,瑞安建業,2000,STOCK
845,HK.00984,永旺,500,STOCK
846,HK.00985,網智金控,8000,STOCK
847,HK.00986,中國環保能源,2000,STOCK
848,HK.00987,中國再生能源投資,2000,STOCK
849,HK.00988,樓東俊安資源,3000,STOCK
850,HK.00989,廣澤國際發展,5000,STOCK
851,HK.00990,榮暉國際,10000,STOCK
852,HK.00991,大唐發電,2000,STOCK
853,HK.00992,聯想集團,2000,STOCK
854,HK.00993,華融金控,1000,STOCK
855,HK.00995,安徽皖通高速公路,2000,STOCK
856,HK.00996,嘉年華國際,10000,STOCK
857,HK.00997,普匯中金國際,10000,STOCK
858,HK.00998,中信銀行,1000,STOCK
859,HK.00999,I.T,2000,STOCK
860,HK.01000,北青傳媒,500,STOCK
861,HK.01001,滬港聯合,2000,STOCK
862,HK.01002,威鋮國際,4000,STOCK
863,HK.01003,歡喜傳媒,10000,STOCK
864,HK.01004,中國智慧能源,2000,STOCK
865,HK.01005,美力時集團,2000,STOCK
866,HK.01006,長壽花食品,1000,STOCK
867,HK.01007,大慶乳業,1000,STOCK
868,HK.01008,貴聯控股,2000,STOCK
869,HK.01009,國際娛樂,2000,STOCK
870,HK.01010,太睿國際控股,2000,STOCK
871,HK.01011,泰凌醫藥,500,STOCK
872,HK.01013,偉俊集團控股,2000,STOCK
873,HK.01015,STOCK1015,1,STOCK
874,HK.01016,STOCK1016,1,STOCK
875,HK.01017,STOCK1017,1,STOCK
876,HK.01018,STOCK1018,1,STOCK
877,HK.01019,康宏環球,6000,STOCK
878,HK.01020,華耐控股,4000,STOCK
879,HK.01021,麥達斯控股—S,1000,STOCK
880,HK.01022,飛魚科技,1500,STOCK
881,HK.01023,時代集團控股,1000,STOCK
882,HK.01026,環球實業科技,10000,STOCK
883,HK.01027,中國集成控股,10000,STOCK
884,HK.01028,千百度,1000,STOCK
885,HK.01029,鐵貨,2000,STOCK
886,HK.01030,新城發展控股,2000,STOCK
887,HK.01031,金利豐金融,2000,STOCK
888,HK.01033,中石化油服,2000,STOCK
889,HK.01035,BBI生命科學,1500,STOCK
890,HK.01036,萬科置業海外,1000,STOCK
891,HK.01037,雲智匯科技,2000,STOCK
892,HK.01038,長江基建集團,1000,STOCK
893,HK.01039,鑫網易商,1000,STOCK
894,HK.01041,林達控股,10000,STOCK
895,HK.01043,光宇國際集團科技,2000,STOCK
896,HK.01044,恒安國際,500,STOCK
897,HK.01045,亞太衛星,500,STOCK
898,HK.01046,寰宇國際金融,5000,STOCK
899,HK.01047,毅興行,2000,STOCK
900,HK.01048,煜新控股,1000,STOCK
901,HK.01049,時富投資,6000,STOCK
902,HK.01050,嘉利國際,2000,STOCK
903,HK.01051,國際資源,3000,STOCK
904,HK.01052,越秀交通基建,2000,STOCK
905,HK.01053,重慶鋼鐵股份,2000,STOCK
906,HK.01055,中國南方航空股份,2000,STOCK
907,HK.01057,浙江世寶,2000,STOCK
908,HK.01058,粵海制革,2000,STOCK
909,HK.01059,看通集團,3000,STOCK
910,HK.01060,阿里影業,10000,STOCK
911,HK.01061,億勝生物科技,1000,STOCK
912,HK.01062,國開國際投資,10000,STOCK
913,HK.01063,新確科技,10000,STOCK
914,HK.01064,中華國際,5000,STOCK
915,HK.01065,天津創業環保股份,2000,STOCK
916,HK.01066,威高股份,4000,STOCK
917,HK.01068,雨潤食品,1000,STOCK
918,HK.01069,中國農林低碳,20000,STOCK
919,HK.01070,TCL多媒體,1000,STOCK
920,HK.01071,華電國際電力股份,2000,STOCK
921,HK.01072,東方電氣,200,STOCK
922,HK.01073,浩倫農科,2000,STOCK
923,HK.01075,首都信息,6000,STOCK
924,HK.01076,博華太平洋,20000,STOCK
925,HK.01079,松景科技,2000,STOCK
926,HK.01080,勝利管道,1500,STOCK
927,HK.01082,香港教育國際,8000,STOCK
928,HK.01083,港華燃氣,1000,STOCK
929,HK.01085,亨鑫科技,2000,STOCK
930,HK.01086,好孩子國際,1000,STOCK
931,HK.01087,威訊控股,1000,STOCK
932,HK.01088,中國神華,500,STOCK
933,HK.01089,樂遊科技控股,5000,STOCK
934,HK.01090,大明國際,2000,STOCK
935,HK.01091,中信大錳,1000,STOCK
936,HK.01093,石藥集團,2000,STOCK
937,HK.01094,中國公共採購,4000,STOCK
938,HK.01096,中能國際控股,2000,STOCK
939,HK.01097,有線寬頻,1000,STOCK
940,HK.01098,路勁基建,1000,STOCK
941,HK.01099,國藥控股,400,STOCK
942,HK.01100,飛達控股,2000,STOCK
943,HK.01101,華榮能源,2000,STOCK
944,HK.01102,環能國際,2000,STOCK
945,HK.01103,大生農業金融,8000,STOCK
946,HK.01104,亞太資源,20000,STOCK
947,HK.01105,星島,2000,STOCK
948,HK.01106,中國海景,20000,STOCK
949,HK.01107,當代置業,2000,STOCK
950,HK.01108,洛陽玻璃股份,2000,STOCK
951,HK.01109,華潤置地,2000,STOCK
952,HK.01110,金活醫藥集團,4000,STOCK
953,HK.01111,創興銀行,1000,STOCK
954,HK.01112,合生元,500,STOCK
955,HK.01113,長實地產,500,STOCK
956,HK.01114,華晨中國,2000,STOCK
957,HK.01115,西藏水資源,1000,STOCK
958,HK.01116,美亞控股,4000,STOCK
959,HK.01117,現代牧業,1000,STOCK
960,HK.01118,高力集團,10000,STOCK
961,HK.01120,雅視光學,2000,STOCK
962,HK.01121,寶峰時尚,2000,STOCK
963,HK.01122,慶鈴汽車股份,2000,STOCK
964,HK.01123,中港照相,2000,STOCK
965,HK.01124,沿海家園,2000,STOCK
966,HK.01125,麗豐控股,20000,STOCK
967,HK.01126,德林國際,2000,STOCK
968,HK.01127,匯星印刷,4000,STOCK
969,HK.01128,永利澳門,400,STOCK
970,HK.01129,中國水業集團,4000,STOCK
971,HK.01130,中國環境資源,4000,STOCK
972,HK.01131,鴻寶資源,5000,STOCK
973,HK.01132,橙天嘉禾,5000,STOCK
974,HK.01133,哈爾濱電氣,2000,STOCK
975,HK.01135,亞洲衛星,500,STOCK
976,HK.01136,台泥國際集團,2000,STOCK
977,HK.01137,香港電視,1000,STOCK
978,HK.01138,中遠海能,2000,STOCK
979,HK.01139,華多利集團,16000,STOCK
980,HK.01140,東英金融投資,4000,STOCK
981,HK.01141,天順證券,10000,STOCK
982,HK.01142,西伯利亞礦業,10000,STOCK
983,HK.01143,華夏健康產業,4000,STOCK
984,HK.01145,勇利航業,1000,STOCK
985,HK.01146,中國服飾控股,2000,STOCK
986,HK.01148,新晨動力,1000,STOCK
987,HK.01149,中國安芯,4000,STOCK
988,HK.01150,米蘭站,2000,STOCK
989,HK.01151,依利安達,500,STOCK
990,HK.01152,新融宇集團,2000,STOCK
991,HK.01155,星辰通信,1000,STOCK
992,HK.01157,中聯重科,200,STOCK
993,HK.01159,集美國際娛樂,500,STOCK
994,HK.01160,大唐投資國際,100000,STOCK
995,HK.01161,奧思集團,2000,STOCK
996,HK.01163,德金資源,10000,STOCK
997,HK.01164,中廣核礦業,5000,STOCK
998,HK.01165,順風清潔能源,2000,STOCK
999,HK.01166,星凱控股,20000,STOCK
1000,HK.01168,百仕達控股,2000,STOCK
1001,HK.01169,海爾電器,1000,STOCK
1002,HK.01170,信星集團,2000,STOCK
1003,HK.01171,兗州煤業股份,2000,STOCK
1004,HK.01172,勤達集團國際,20000,STOCK
1005,HK.01173,威高國際,20000,STOCK
1006,HK.01174,太平洋恩利,2000,STOCK
1007,HK.01175,鮮馳達控股,10000,STOCK
1008,HK.01176,珠光控股,2000,STOCK
1009,HK.01177,中國生物製藥,1000,STOCK
1010,HK.01178,共享經濟集團,10000,STOCK
1011,HK.01180,匯彩控股,4000,STOCK
1012,HK.01181,唐宮中國,2000,STOCK
1013,HK.01182,勝龍國際,10000,STOCK
1014,HK.01184,時捷集團,2000,STOCK
1015,HK.01185,中國航天萬源,2000,STOCK
1016,HK.01186,中國鐵建,500,STOCK
1017,HK.01187,漢唐國際控股,2000,STOCK
1018,HK.01188,正道集團,2000,STOCK
1019,HK.01189,珀麗酒店,10000,STOCK
1020,HK.01190,航標控股,2000,STOCK
1021,HK.01191,粵首環保,20000,STOCK
1022,HK.01192,泰山石化,20000,STOCK
1023,HK.01193,華潤燃氣,2000,STOCK
1024,HK.01194,麥盛資本,2000,STOCK
1025,HK.01195,京維集團,4000,STOCK
1026,HK.01196,偉祿集團,2000,STOCK
1027,HK.01197,中國恒石,2000,STOCK
1028,HK.01198,皇朝傢俬,2000,STOCK
1029,HK.01199,中遠海運港口,2000,STOCK
1030,HK.01200,美聯集團,2000,STOCK
1031,HK.01201,天臣控股,3000,STOCK
1032,HK.01202,成都普天電纜股份,2000,STOCK
1033,HK.01203,廣南(集團),2000,STOCK
1034,HK.01205,中信資源,2000,STOCK
1035,HK.01206,同方泰德,2000,STOCK
1036,HK.01207,上置集團,2000,STOCK
1037,HK.01208,五礦資源,4000,STOCK
1038,HK.01210,克莉絲汀,2000,STOCK
1039,HK.01211,比亞迪股份,500,STOCK
1040,HK.01212,利福國際,500,STOCK
1041,HK.01213,萬保剛集團,2000,STOCK
1042,HK.01215,開源控股,20000,STOCK
1043,HK.01217,中國創新投資,40000,STOCK
1044,HK.01218,永義國際,1000,STOCK
1045,HK.01219,天喔國際,1000,STOCK
1046,HK.01220,志道國際,30000,STOCK
1047,HK.01221,信和酒店,2000,STOCK
1048,HK.01222,宏安集團,20000,STOCK
1049,HK.01223,新灃集團,10000,STOCK
1050,HK.01224,中渝置地,1000,STOCK
1051,HK.01225,隆成金融,20000,STOCK
1052,HK.01226,中國投融資,10000,STOCK
1053,HK.01227,國盛投資,20000,STOCK
1054,HK.01228,奇峰國際,5000,STOCK
1055,HK.01229,南南資源,2000,STOCK
1056,HK.01230,雅士利國際,1000,STOCK
1057,HK.01231,新礦資源,2000,STOCK
1058,HK.01232,金輪天地控股,2000,STOCK
1059,HK.01233,時代地產,1000,STOCK
1060,HK.01234,中國利郎,1000,STOCK
1061,HK.01235,專業旅運,5000,STOCK
1062,HK.01236,國農控股,2000,STOCK
1063,HK.01237,中科生物,10000,STOCK
1064,HK.01238,寶龍地產,1000,STOCK
1065,HK.01239,金寶寶控股,20000,STOCK
1066,HK.01240,青建國際,2500,STOCK
1067,HK.01241,雙樺控股,2000,STOCK
1068,HK.01243,宏安地產,4000,STOCK
1069,HK.01245,NIRAKU,2000,STOCK
1070,HK.01246,毅信控股,20000,STOCK
1071,HK.01247,米格國際控股,2000,STOCK
1072,HK.01249,通力電子,1000,STOCK
1073,HK.01250,北控清潔能源集團,20000,STOCK
1074,HK.01251,華油能源,2000,STOCK
1075,HK.01252,中國天瑞水泥,1000,STOCK
1076,HK.01253,中國綠地博大綠澤,4000,STOCK
1077,HK.01255,港大零售,2000,STOCK
1078,HK.01258,中國有色礦業,1000,STOCK
1079,HK.01259,中國兒童護理,1000,STOCK
1080,HK.01260,皓天財經集團,2000,STOCK
1081,HK.01262,蠟筆小新食品,1000,STOCK
1082,HK.01263,栢能集團,2000,STOCK
1083,HK.01265,天津津燃公用,10000,STOCK
1084,HK.01266,西王特鋼,1000,STOCK
1085,HK.01268,美東汽車,2000,STOCK
1086,HK.01269,首控集團,2000,STOCK
1087,HK.01270,朗廷—SS,500,STOCK
1088,HK.01271,佳明集團控股,1000,STOCK
1089,HK.01272,大唐環境,1000,STOCK
1090,HK.01273,香港信貸,4000,STOCK
1091,HK.01277,力量能源,2000,STOCK
1092,HK.01278,中國新城鎮,2500,STOCK
1093,HK.01280,匯銀智慧社區,2000,STOCK
1094,HK.01281,隆基泰和智慧能源,1000,STOCK
1095,HK.01282,中國金洋,4000,STOCK
1096,HK.01285,嘉士利集團,1000,STOCK
1097,HK.01288,農業銀行,1000,STOCK
1098,HK.01289,盛力達科技,500,STOCK
1099,HK.01290,中國匯融,2000,STOCK
1100,HK.01292,長安民生物流,1000,STOCK
1101,HK.01293,寶信汽車,500,STOCK
1102,HK.01296,國電科環,1000,STOCK
1103,HK.01297,中國擎天軟件,1000,STOCK
1104,HK.01298,天美(控股),1000,STOCK
1105,HK.01299,友邦保險,200,STOCK
1106,HK.01300,俊知集團,2000,STOCK
1107,HK.01301,德基科技控股,2000,STOCK
1108,HK.01302,先健科技,2000,STOCK
1109,HK.01303,滙力資源,2000,STOCK
1110,HK.01305,偉志控股,1000,STOCK
1111,HK.01308,海豐國際,1000,STOCK
1112,HK.01310,香港寬頻,500,STOCK
1113,HK.01312,同方康泰,6000,STOCK
1114,HK.01313,華潤水泥控股,2000,STOCK
1115,HK.01314,翠華控股,2000,STOCK
1116,HK.01315,允升國際,2000,STOCK
1117,HK.01316,耐世特,1000,STOCK
1118,HK.01317,楓葉教育,2000,STOCK
1119,HK.01318,格菱控股,2000,STOCK
1120,HK.01319,靄華押業信貸,8000,STOCK
1121,HK.01321,中國新城市,2000,STOCK
1122,HK.01322,創達科技控股,500,STOCK
1123,HK.01323,友川股份,2000,STOCK
1124,HK.01326,天馬影視,8000,STOCK
1125,HK.01327,時間由你,2000,STOCK
1126,HK.01328,精英國際,10000,STOCK
1127,HK.01329,首創鉅大,2000,STOCK
1128,HK.01330,綠色動力環保,1000,STOCK
1129,HK.01332,中國透雲,10000,STOCK
1130,HK.01333,中國忠旺,400,STOCK
1131,HK.01335,順泰控股,2000,STOCK
1132,HK.01336,新華保險,100,STOCK
1133,HK.01338,霸王集團,2000,STOCK
1134,HK.01339,中國人民保險集團,1000,STOCK
1135,HK.01340,惠生國際,4000,STOCK
1136,HK.01341,焯陞企業,8000,STOCK
1137,HK.01345,中國先鋒醫藥,1000,STOCK
1138,HK.01347,華虹半導體,1000,STOCK
1139,HK.01348,滉達富控股,2000,STOCK
1140,HK.01349,復旦張江,1000,STOCK
1141,HK.01353,諾奇,1000,STOCK
1142,HK.01355,朸濬國際,2000,STOCK
1143,HK.01357,美圖公司,500,STOCK
1144,HK.01358,普華和順,1000,STOCK
1145,HK.01359,中國信達,1000,STOCK
1146,HK.01360,MEGAEXPO HLDG,5000,STOCK
1147,HK.01361,361度,1000,STOCK
1148,HK.01362,新龍移動,4000,STOCK
1149,HK.01363,中滔環保,2000,STOCK
1150,HK.01365,潤東汽車,1000,STOCK
1151,HK.01366,江南集團,2000,STOCK
1152,HK.01367,恒寶企業控股,4000,STOCK
1153,HK.01368,特步國際,500,STOCK
1154,HK.01369,五洲國際,2000,STOCK
1155,HK.01370,恒實礦業,1000,STOCK
1156,HK.01371,華彩控股,20000,STOCK
1157,HK.01372,比速科技,2000,STOCK
1158,HK.01373,國際家居零售,1000,STOCK
1159,HK.01375,中州證券,1000,STOCK
1160,HK.01378,中國宏橋,500,STOCK
1161,HK.01380,中國金石,10000,STOCK
1162,HK.01381,粵豐環保,1000,STOCK
1163,HK.01382,互太紡織,1000,STOCK
1164,HK.01383,太陽世紀集團,10000,STOCK
1165,HK.01385,上海復旦,2000,STOCK
1166,HK.01386,國投集團控股,1000,STOCK
1167,HK.01387,人和商業,2000,STOCK
1168,HK.01388,安莉芳控股,1000,STOCK
1169,HK.01389,美捷滙控股,4000,STOCK
1170,HK.01393,恒鼎實業,1000,STOCK
1171,HK.01395,強泰環保,5000,STOCK
1172,HK.01396,毅德國際,2000,STOCK
1173,HK.01397,碧瑤綠色集團,4000,STOCK
1174,HK.01398,工商銀行,1000,STOCK
1175,HK.01399,飛毛腿,2000,STOCK
1176,HK.01400,宏太控股,5000,STOCK
1177,HK.01415,高偉電子,1000,STOCK
1178,HK.01418,盛諾集團,2000,STOCK
1179,HK.01419,盈健醫療,2000,STOCK
1180,HK.01420,川控股,4000,STOCK
1181,HK.01421,工蓋有限公司,5000,STOCK
1182,HK.01428,耀才證券金融,2000,STOCK
1183,HK.01430,蘇創燃氣,2000,STOCK
1184,HK.01431,原生態牧業,1000,STOCK
1185,HK.01432,中國聖牧,1000,STOCK
1186,HK.01439,中華包裝控股,5000,STOCK
1187,HK.01443,富臨集團控股,2000,STOCK
1188,HK.01446,鴻福堂,2000,STOCK
1189,HK.01447,新福港,2000,STOCK
1190,HK.01448,福壽園,1000,STOCK
1191,HK.01450,世紀睿科,2000,STOCK
1192,HK.01452,迪諾斯環保,1000,STOCK
1193,HK.01456,國聯證券,500,STOCK
1194,HK.01458,周黑鴨,500,STOCK
1195,HK.01459,巨匠建設,2000,STOCK
1196,HK.01460,揚科集團,4000,STOCK
1197,HK.01461,魯証期貨,1000,STOCK
1198,HK.01462,金誠控股,2000,STOCK
1199,HK.01466,民生珠寶,2000,STOCK
1200,HK.01468,英裘控股,10000,STOCK
1201,HK.01469,結好金融,4000,STOCK
1202,HK.01470,滴達國際,4000,STOCK
1203,HK.01476,恒投證券,1000,STOCK
1204,HK.01478,丘鈦科技,1000,STOCK
1205,HK.01480,恩達集團控股,2000,STOCK
1206,HK.01483,譽宴集團,2000,STOCK
1207,HK.01486,思城控股,2000,STOCK
1208,HK.01488,百福控股,2000,STOCK
1209,HK.01492,中地乳業,2000,STOCK
1210,HK.01495,集一家居,2000,STOCK
1211,HK.01496,亞積邦租賃,4000,STOCK
1212,HK.01498,培力控股,500,STOCK
1213,HK.01499,前進控股集團,10000,STOCK
1214,HK.01500,現恆建築,5000,STOCK
1215,HK.01508,中國再保險,1000,STOCK
1216,HK.01509,和美醫療,1000,STOCK
1217,HK.01513,麗珠醫藥,100,STOCK
1218,HK.01515,華潤鳳凰醫療,500,STOCK
1219,HK.01518,新世紀醫療,500,STOCK
1220,HK.01520,時尚環球,6000,STOCK
1221,HK.01522,中國城市軌道科技,4000,STOCK
1222,HK.01523,珩灣科技,8000,STOCK
1223,HK.01526,瑞慈醫療,1000,STOCK
1224,HK.01527,天潔環境,200,STOCK
1225,HK.01528,紅星美凱龍,200,STOCK
1226,HK.01530,三生製藥,500,STOCK
1227,HK.01532,中國派對文化,3000,STOCK
1228,HK.01533,莊園牧場,500,STOCK
1229,HK.01536,煜榮集團,2000,STOCK
1230,HK.01538,中奧到家,2000,STOCK
1231,HK.01539,滙能集團,2000,STOCK
1232,HK.01543,中盈盛達融資擔保,2000,STOCK
1233,HK.01547,IBI GROUP HLDGS,8000,STOCK
1234,HK.01548,金斯瑞生物科技,2000,STOCK
1235,HK.01549,永豐集團控股,8000,STOCK
1236,HK.01555,MI能源,2000,STOCK
1237,HK.01556,建業建榮,5000,STOCK
1238,HK.01557,劍虹集團控股,4000,STOCK
1239,HK.01558,東陽光藥,200,STOCK
1240,HK.01559,均安控股,10000,STOCK
1241,HK.01560,星星地產,2000,STOCK
1242,HK.01561,萬輝化工,4000,STOCK
1243,HK.01565,成實外教育,1000,STOCK
1244,HK.01566,華夏動漫,1000,STOCK
1245,HK.01568,承達集團,2000,STOCK
1246,HK.01570,偉業控股,1000,STOCK
1247,HK.01572,中國藝術金融,4000,STOCK
1248,HK.01573,中國優質能源,2000,STOCK
1249,HK.01575,慕容控股,2000,STOCK
1250,HK.01577,匯鑫小貸,2000,STOCK
1251,HK.01578,天津銀行,500,STOCK
1252,HK.01579,頤海國際,1000,STOCK
1253,HK.01580,大森控股,5000,STOCK
1254,HK.01581,進昇集團控股,5000,STOCK
1255,HK.01583,親親食品,1000,STOCK
1256,HK.01585,雅迪控股,2000,STOCK
1257,HK.01586,中國力鴻,4000,STOCK
1258,HK.01588,暢捷通,200,STOCK
1259,HK.01589,中國物流資產,1000,STOCK
1260,HK.01591,汛和集團,20000,STOCK
1261,HK.01596,翼辰實業,1000,STOCK
1262,HK.01599,城建設計,1000,STOCK
1263,HK.01600,天倫燃氣,1500,STOCK
1264,HK.01606,國銀租賃,2000,STOCK
1265,HK.01608,偉能集團,1000,STOCK
1266,HK.01609,創建集團控股,10000,STOCK
1267,HK.01610,中糧肉食,1000,STOCK
1268,HK.01611,桐成控股,2000,STOCK
1269,HK.01612,永勝醫療,2000,STOCK
1270,HK.01613,協同通信,8000,STOCK
1271,HK.01616,銀仕來控股,2000,STOCK
1272,HK.01617,南方通信,4000,STOCK
1273,HK.01618,中國中冶,1000,STOCK
1274,HK.01619,天合化工,2000,STOCK
1275,HK.01622,力高地產,2000,STOCK
1276,HK.01623,海隆控股,1000,STOCK
1277,HK.01626,嘉耀控股,2000,STOCK
1278,HK.01627,安保工程控股,4000,STOCK
1279,HK.01628,禹洲地產,1000,STOCK
1280,HK.01629,盟科控股,4000,STOCK
1281,HK.01632,膳源控股,2000,STOCK
1282,HK.01633,上諭集團,3000,STOCK
1283,HK.01635,大眾公用,1000,STOCK
1284,HK.01636,中國金屬利用,4000,STOCK
1285,HK.01637,順興集團控股,2000,STOCK
1286,HK.01638,佳兆業集團,1000,STOCK
1287,HK.01639,安捷利實業,10000,STOCK
1288,HK.01656,億仕登控股,2000,STOCK
1289,HK.01658,郵儲銀行,1000,STOCK
1290,HK.01660,善樂國際,8000,STOCK
1291,HK.01661,智美體育,1000,STOCK
1292,HK.01662,義合控股,4000,STOCK
1293,HK.01663,漢港控股,2000,STOCK
1294,HK.01666,同仁堂科技,1000,STOCK
1295,HK.01668,華南城,2000,STOCK
1296,HK.01669,環球信貸集團,2000,STOCK
1297,HK.01673,華章科技,2000,STOCK
1298,HK.01678,中創環球,2000,STOCK
1299,HK.01680,澳門勵駿,1000,STOCK
1300,HK.01681,康臣葯業,1000,STOCK
1301,HK.01682,高銳中國物聯,4000,STOCK
1302,HK.01683,良斯集團,4000,STOCK
1303,HK.01685,博耳電力,1000,STOCK
1304,HK.01689,華禧控股,2000,STOCK
1305,HK.01698,博士蛙國際,1000,STOCK
1306,HK.01699,普甜食品,4000,STOCK
1307,HK.01700,華地國際控股,1000,STOCK
1308,HK.01708,三寶科技,1000,STOCK
1309,HK.01717,澳優,1000,STOCK
1310,HK.01718,宏基集團控股,5000,STOCK
1311,HK.01728,正通汽車,500,STOCK
1312,HK.01733,易大宗,12000,STOCK
1313,HK.01738,飛尚無煙煤,2500,STOCK
1314,HK.01766,中國中車,1000,STOCK
1315,HK.01771,新豐泰集團,1000,STOCK
1316,HK.01776,廣發証券,200,STOCK
1317,HK.01777,花樣年控股,1500,STOCK
1318,HK.01778,彩生活,1000,STOCK
1319,HK.01786,鐵建裝備,500,STOCK
1320,HK.01788,國泰君安國際,1000,STOCK
1321,HK.01798,大唐新能源,1000,STOCK
1322,HK.01799,新特能源,400,STOCK
1323,HK.01800,中國交通建設,1000,STOCK
1324,HK.01803,北京體育文化,2500,STOCK
1325,HK.01808,企展控股,2000,STOCK
1326,HK.01811,中廣核新能源,2000,STOCK
1327,HK.01812,晨鳴紙業,500,STOCK
1328,HK.01813,合景泰富,500,STOCK
1329,HK.01816,中廣核電力,1000,STOCK
1330,HK.01818,招金礦業,500,STOCK
1331,HK.01819,富貴鳥,600,STOCK
1332,HK.01822,弘達金融控股,30000,STOCK
1333,HK.01823,華昱高速,2000,STOCK
1334,HK.01828,大昌行集團,1000,STOCK
1335,HK.01829,中國機械工程,1000,STOCK
1336,HK.01830,必瘦站,4000,STOCK
1337,HK.01831,十方控股,1000,STOCK
1338,HK.01833,銀泰商業,500,STOCK
1339,HK.01836,九興控股,500,STOCK
1340,HK.01838,中國地產,1000,STOCK
1341,HK.01848,中國飛機租賃,500,STOCK
1342,HK.01856,依波路,1000,STOCK
1343,HK.01858,春立醫療,200,STOCK
1344,HK.01862,景瑞控股,1000,STOCK
1345,HK.01863,中國龍天集團,1000,STOCK
1346,HK.01866,中國心連心化肥,1000,STOCK
1347,HK.01868,同方友友,2000,STOCK
1348,HK.01878,南戈壁—S,50,STOCK
1349,HK.01880,百麗國際,1000,STOCK
1350,HK.01882,海天國際,1000,STOCK
1351,HK.01883,中信國際電訊,1000,STOCK
1352,HK.01884,EPRINT集團,4000,STOCK
1353,HK.01885,中國優材,4000,STOCK
1354,HK.01886,匯源果汁,500,STOCK
1355,HK.01888,建滔積層板,500,STOCK
1356,HK.01889,武夷藥業,2500,STOCK
1357,HK.01893,中材股份,1000,STOCK
1358,HK.01898,中煤能源,1000,STOCK
1359,HK.01899,興達國際,1000,STOCK
1360,HK.01900,中國智能交通,1000,STOCK
1361,HK.01908,建發國際集團,4000,STOCK
1362,HK.01910,新秀麗,300,STOCK
1363,HK.01913,普拉達,100,STOCK
1364,HK.01918,融創中國,1000,STOCK
1365,HK.01919,中遠海控,500,STOCK
1366,HK.01928,金沙中國有限公司,400,STOCK
1367,HK.01929,周大福,200,STOCK
1368,HK.01938,珠江鋼管,1000,STOCK
1369,HK.01958,北京汽車,500,STOCK
1370,HK.01963,重慶銀行,500,STOCK
1371,HK.01966,中駿置業,1000,STOCK
1372,HK.01970,IMAX 中國,100,STOCK
1373,HK.01972,太古地產,200,STOCK
1374,HK.01979,天寶集團,4000,STOCK
1375,HK.01980,天鴿互動,1000,STOCK
1376,HK.01982,南旋控股,2000,STOCK
1377,HK.01985,美高域,2000,STOCK
1378,HK.01986,彩客化學,500,STOCK
1379,HK.01988,民生銀行,500,STOCK
1380,HK.01989,松齡護老集團,8000,STOCK
1381,HK.01991,大洋集團,2000,STOCK
1382,HK.01993,雅仕維,500,STOCK
1383,HK.01998,飛克國際,2000,STOCK
1384,HK.01999,敏華控股,400,STOCK
1385,HK.02000,晨訊科技,2000,STOCK
1386,HK.02002,陽光紙業,500,STOCK
1387,HK.02005,石四藥集團,2000,STOCK
1388,HK.02006,錦江酒店,2000,STOCK
1389,HK.02007,碧桂園,1000,STOCK
1390,HK.02008,鳳凰衛視,2000,STOCK
1391,HK.02009,金隅股份,1000,STOCK
1392,HK.02010,瑞年國際,1000,STOCK
1393,HK.02011,開易控股,2000,STOCK
1394,HK.02012,陽光油砂,500,STOCK
1395,HK.02014,浩澤淨水,1000,STOCK
1396,HK.02016,浙商銀行,1000,STOCK
1397,HK.02018,瑞聲科技,500,STOCK
1398,HK.02020,安踏體育,1000,STOCK
1399,HK.02023,中國綠島科技,4000,STOCK
1400,HK.02028,映美控股,2000,STOCK
1401,HK.02030,卡賓,1000,STOCK
1402,HK.02031,澳至尊,5000,STOCK
1403,HK.02033,時計寶,2000,STOCK
1404,HK.02038,富智康集團,1000,STOCK
1405,HK.02039,中集集團,100,STOCK
1406,HK.02066,盛京銀行,500,STOCK
1407,HK.02068,中鋁國際,1000,STOCK
1408,HK.02078,榮陽實業,1000,STOCK
1409,HK.02080,奧克斯國際,2000,STOCK
1410,HK.02083,大自然家居,1000,STOCK
1411,HK.02086,龍傑智能卡,8000,STOCK
1412,HK.02088,西王置業,2000,STOCK
1413,HK.02098,卓爾集團,3000,STOCK
1414,HK.02099,中國黃金國際,100,STOCK
1415,HK.02100,百奧家庭互動,2000,STOCK
1416,HK.02111,超盈國際控股,2000,STOCK
1417,HK.02112,優庫資源,2000,STOCK
1418,HK.02113,東盈控股,5000,STOCK
1419,HK.02118,天山發展控股,2000,STOCK
1420,HK.02120,康寧醫院,100,STOCK
1421,HK.02121,一化控股,1000,STOCK
1422,HK.02123,金盾控股,4000,STOCK
1423,HK.02128,中國聯塑,1000,STOCK
1424,HK.02133,中國多金屬,1000,STOCK
1425,HK.02136,利福中國,500,STOCK
1426,HK.02138,香港醫思醫療集團,1000,STOCK
1427,HK.02166,芯智控股,2000,STOCK
1428,HK.02168,盈德氣體,500,STOCK
1429,HK.02178,百勤油服,1000,STOCK
1430,HK.02183,利福地產,2000,STOCK
1431,HK.02186,綠葉製藥,500,STOCK
1432,HK.02188,泰坦能源技術,2000,STOCK
1433,HK.02193,萬景控股,4000,STOCK
1434,HK.02196,復星醫藥,500,STOCK
1435,HK.02198,中國三江化工,1000,STOCK
1436,HK.02199,維珍妮,1000,STOCK
1437,HK.02200,浩沙國際,2000,STOCK
1438,HK.02202,萬科企業,100,STOCK
1439,HK.02208,金風科技,200,STOCK
1440,HK.02211,大健康國際,1000,STOCK
1441,HK.02212,高鵬礦業,20000,STOCK
1442,HK.02213,益華控股,2000,STOCK
1443,HK.02218,安德利果汁,500,STOCK
1444,HK.02221,創業集團控股,4000,STOCK
1445,HK.02222,雷士照明,1000,STOCK
1446,HK.02223,卡撒天嬌,2000,STOCK
1447,HK.02226,老恒和釀造,500,STOCK
1448,HK.02228,中國節能海東青,3000,STOCK
1449,HK.02229,長港敦信,2000,STOCK
1450,HK.02233,西部水泥,2000,STOCK
1451,HK.02236,惠生工程,1000,STOCK
1452,HK.02238,廣汽集團,2000,STOCK
1453,HK.02239,國微技術,1000,STOCK
1454,HK.02255,海昌海洋公園,1000,STOCK
1455,HK.02266,黎氏企業,2000,STOCK
1456,HK.02268,優源控股,1000,STOCK
1457,HK.02277,華融投資股份,5000,STOCK
1458,HK.02278,海藍控股,1000,STOCK
1459,HK.02280,慧聰網,2000,STOCK
1460,HK.02282,美高梅中國,400,STOCK
1461,HK.02283,東江集團控股,2000,STOCK
1462,HK.02286,辰興發展,1000,STOCK
1463,HK.02288,宏基資本,1000,STOCK
1464,HK.02289,創美藥業,500,STOCK
1465,HK.02293,百本醫護,8000,STOCK
1466,HK.02298,都市麗人,1000,STOCK
1467,HK.02299,百宏實業,2000,STOCK
1468,HK.02300,澳科控股,2000,STOCK
1469,HK.02302,中核國際,1000,STOCK
1470,HK.02303,恒興黃金,2000,STOCK
1471,HK.02307,錦興國際控股,2000,STOCK
1472,HK.02308,研祥智能,4000,STOCK
1473,HK.02309,伯明翰環球,20000,STOCK
1474,HK.02310,申基國際,2000,STOCK
1475,HK.02312,中國金融租賃,20000,STOCK
1476,HK.02313,申洲國際,1000,STOCK
1477,HK.02314,理文造紙,1000,STOCK
1478,HK.02317,味丹國際,4000,STOCK
1479,HK.02318,中國平安,500,STOCK
1480,HK.02319,蒙牛乳業,1000,STOCK
1481,HK.02320,合豐集團,2000,STOCK
1482,HK.02322,仁瑞投資,8000,STOCK
1483,HK.02323,中國港橋,2000,STOCK
1484,HK.02324,首都創投(新),20000,STOCK
1485,HK.02326,百靈達國際控股,10000,STOCK
1486,HK.02327,宇業控股,6000,STOCK
1487,HK.02328,中國財險,2000,STOCK
1488,HK.02329,國瑞置業,1000,STOCK
1489,HK.02330,中國上城,4000,STOCK
1490,HK.02331,李寧,500,STOCK
1491,HK.02333,長城汽車,500,STOCK
1492,HK.02336,海亮國際,10000,STOCK
1493,HK.02338,濰柴動力,1000,STOCK
1494,HK.02339,京西國際,2000,STOCK
1495,HK.02340,新昌管理集團,4000,STOCK
1496,HK.02341,中怡國際,2000,STOCK
1497,HK.02342,京信通信,2000,STOCK
1498,HK.02343,太平洋航運,1000,STOCK
1499,HK.02345,上海集優,2000,STOCK
1500,HK.02348,東瑞製葯,4000,STOCK
1501,HK.02349,中國城市基礎設施,4000,STOCK
1502,HK.02355,寶業集團,2000,STOCK
1503,HK.02356,大新銀行集團,400,STOCK
1504,HK.02357,中航科工,1000,STOCK
1505,HK.02358,久融控股,10000,STOCK
1506,HK.02362,金川國際,1000,STOCK
1507,HK.02366,星美文化旅遊,5000,STOCK
1508,HK.02368,鷹美,2000,STOCK
1509,HK.02369,酷派集團,4000,STOCK
1510,HK.02371,中國創聯教育,4000,STOCK
1511,HK.02378,保誠,500,STOCK
1512,HK.02379,中天國際,5000,STOCK
1513,HK.02380,中國電力,1000,STOCK
1514,HK.02382,舜宇光學科技,1000,STOCK
1515,HK.02383,TOM集團,2000,STOCK
1516,HK.02386,中石化煉化工程,500,STOCK
1517,HK.02388,中銀香港,500,STOCK
1518,HK.02389,北控醫療健康,6000,STOCK
1519,HK.02393,巨星醫療控股,2500,STOCK
1520,HK.02398,友佳國際,2000,STOCK
1521,HK.02399,虎都,1000,STOCK
1522,HK.02468,創益太陽能,1000,STOCK
1523,HK.02488,元征科技,500,STOCK
1524,HK.02588,中銀航空租賃,100,STOCK
1525,HK.02600,中國鋁業,2000,STOCK
1526,HK.02601,中國太保,200,STOCK
1527,HK.02607,上海醫藥,100,STOCK
1528,HK.02608,陽光100中國,1000,STOCK
1529,HK.02623,愛德新能源,2000,STOCK
1530,HK.02628,中國人壽,1000,STOCK
1531,HK.02633,雅各臣科研製藥,2000,STOCK
1532,HK.02638,港燈—SS,500,STOCK
1533,HK.02662,承興國際控股,2000,STOCK
1534,HK.02666,環球醫療,500,STOCK
1535,HK.02668,百德國際,10000,STOCK
1536,HK.02669,中海物業,5000,STOCK
1537,HK.02678,天虹紡織,500,STOCK
1538,HK.02686,亞美能源,1000,STOCK
1539,HK.02688,新奧能源,2000,STOCK
1540,HK.02689,玖龍紙業,1000,STOCK
1541,HK.02698,魏橋紡織,500,STOCK
1542,HK.02699,新明中國,2000,STOCK
1543,HK.02700,格林國際控股,20000,STOCK
1544,HK.02722,重慶機電,2000,STOCK
1545,HK.02727,上海電氣,2000,STOCK
1546,HK.02728,裕華能源,4000,STOCK
1547,HK.02738,華津國際控股,2000,STOCK
1548,HK.02768,佳源國際控股,2000,STOCK
1549,HK.02777,富力地產,400,STOCK
1550,HK.02788,精熙國際,2000,STOCK
1551,HK.02789,遠大中國,2000,STOCK
1552,HK.02799,中國華融,1000,STOCK
1553,HK.02866,中遠海發,1000,STOCK
1554,HK.02868,首創置業,2000,STOCK
1555,HK.02869,綠城服務,2000,STOCK
1556,HK.02877,神威藥業,1000,STOCK
1557,HK.02878,晶門科技,2000,STOCK
1558,HK.02880,大連港,2000,STOCK
1559,HK.02882,香港資源控股,4000,STOCK
1560,HK.02883,中海油田服務,2000,STOCK
1561,HK.02886,濱海投資,2000,STOCK
1562,HK.02888,渣打集團,50,STOCK
1563,HK.02889,鎳資源國際,2000,STOCK
1564,HK.02898,龍潤茶,10000,STOCK
1565,HK.02899,紫金礦業,2000,STOCK
1566,HK.02918,京西國際(舊),400,STOCK
1567,HK.02920,中芯國際(舊),100,STOCK
1568,HK.02924,宏安地產(舊),40000,STOCK
1569,HK.02925,亨泰股權,5000,STOCK
1570,HK.02926,冠華國際控股股權,2000,STOCK
1571,HK.02927,金誠控股(舊),40000,STOCK
1572,HK.02928,中國新經濟股權,20000,STOCK
1573,HK.02929,IDG能源一萬,10000,STOCK
1574,HK.02930,惠生國際股權,4000,STOCK
1575,HK.02931,威華達控股股權,3000,STOCK
1576,HK.02932,華融金控股權,1000,STOCK
1577,HK.02933,民信金控股權,20000,STOCK
1578,HK.02934,TCL多媒體二千,2000,STOCK
1579,HK.02935,自動系統股權,2000,STOCK
1580,HK.02936,首都創投(舊),4000,STOCK
1581,HK.02937,新銳醫藥股權,8000,STOCK
1582,HK.02938,野馬國際股權,4000,STOCK
1583,HK.02939,易易壹金融,2000,STOCK
1584,HK.02940,安捷利實業股權,10000,STOCK
1585,HK.02941,首都創投股權,20000,STOCK
1586,HK.02942,標準資源控股,25000,STOCK
1587,HK.02943,首控集團,10000,STOCK
1588,HK.03300,中國玻璃,2000,STOCK
1589,HK.03301,融信中國,500,STOCK
1590,HK.03303,巨濤海洋石油服務,2000,STOCK
1591,HK.03306,江南布衣,500,STOCK
1592,HK.03308,金鷹商貿集團,1000,STOCK
1593,HK.03311,中國建築國際,2000,STOCK
1594,HK.03313,雅高控股,1000,STOCK
1595,HK.03315,金邦達寶嘉,1000,STOCK
1596,HK.03318,中國香精香料,2000,STOCK
1597,HK.03320,華潤醫藥,500,STOCK
1598,HK.03322,永嘉集團,2000,STOCK
1599,HK.03323,中國建材,2000,STOCK
1600,HK.03326,保發集團,3000,STOCK
1601,HK.03328,交通銀行,1000,STOCK
1602,HK.03330,靈寶黃金,2000,STOCK
1603,HK.03331,維達國際,1000,STOCK
1604,HK.03332,中生聯合,2000,STOCK
1605,HK.03333,中國恒大,1000,STOCK
1606,HK.03335,DBA電訊,4000,STOCK
1607,HK.03336,巨騰國際,2000,STOCK
1608,HK.03337,安東油田服務,2000,STOCK
1609,HK.03339,中國龍工,1000,STOCK
1610,HK.03344,互益集團,2000,STOCK
1611,HK.03355,先進半導體,2000,STOCK
1612,HK.03360,遠東宏信,1000,STOCK
1613,HK.03363,正業國際,2000,STOCK
1614,HK.03366,華僑城(亞洲),2000,STOCK
1615,HK.03368,百盛集團,500,STOCK
1616,HK.03369,秦港股份,500,STOCK
1617,HK.03377,遠洋集團,500,STOCK
1618,HK.03378,廈門港務,2000,STOCK
1619,HK.03380,龍光地產,2000,STOCK
1620,HK.03382,天津港發展,2000,STOCK
1621,HK.03383,雅居樂集團,2000,STOCK
1622,HK.03389,亨得利,4000,STOCK
1623,HK.03393,威勝集團,2000,STOCK
1624,HK.03395,PERSTA,1000,STOCK
1625,HK.03396,聯想控股,100,STOCK
1626,HK.03398,華鼎控股,2000,STOCK
1627,HK.03399,粵運交通,1000,STOCK
1628,HK.03600,現代牙科,1000,STOCK
1629,HK.03606,福耀玻璃,400,STOCK
1630,HK.03608,永盛新材料,2500,STOCK
1631,HK.03618,重慶農村商業銀行,1000,STOCK
1632,HK.03623,集成金融,2000,STOCK
1633,HK.03626,HSSP INTL,2000,STOCK
1634,HK.03628,仁恒實業控股,4000,STOCK
1635,HK.03633,中裕燃氣,2000,STOCK
1636,HK.03636,保利文化,100,STOCK
1637,HK.03638,晶芯科技控股,12000,STOCK
1638,HK.03639,億達中國,2000,STOCK
1639,HK.03663,協眾國際控股,4000,STOCK
1640,HK.03666,小南國,2000,STOCK
1641,HK.03668,中鋁礦業國際,2000,STOCK
1642,HK.03669,永達汽車,500,STOCK
1643,HK.03678,弘業期貨,1000,STOCK
1644,HK.03683,榮豐聯合控股,2500,STOCK
1645,HK.03686,祈福生活服務,10000,STOCK
1646,HK.03688,萊蒙國際,500,STOCK
1647,HK.03689,康華醫療,200,STOCK
1648,HK.03698,徽商銀行,1000,STOCK
1649,HK.03708,日成控股,5000,STOCK
1650,HK.03709,珂萊蒂爾,1000,STOCK
1651,HK.03737,中智藥業,1000,STOCK
1652,HK.03773,年年卡,2000,STOCK
1653,HK.03777,中國光纖,2000,STOCK
1654,HK.03778,中國織材控股,4000,STOCK
1655,HK.03788,中國罕王,1000,STOCK
1656,HK.03789,御佳控股,4000,STOCK
1657,HK.03799,達利食品,500,STOCK
1658,HK.03800,保利協鑫能源,1000,STOCK
1659,HK.03808,中國重汽,500,STOCK
1660,HK.03813,寶勝國際,1000,STOCK
1661,HK.03816,KFM金德,4000,STOCK
1662,HK.03818,中國動向,1000,STOCK
1663,HK.03822,三和建築集團,4000,STOCK
1664,HK.03823,德普科技,2000,STOCK
1665,HK.03828,明輝國際,1000,STOCK
1666,HK.03833,新疆新鑫礦業,1000,STOCK
1667,HK.03836,和諧汽車,500,STOCK
1668,HK.03838,中國澱粉,5000,STOCK
1669,HK.03839,正大企業國際,500,STOCK
1670,HK.03866,青島銀行,500,STOCK
1671,HK.03868,群星紙業,1000,STOCK
1672,HK.03882,天彩控股,1000,STOCK
1673,HK.03883,中國奧園,1000,STOCK
1674,HK.03886,康健國際醫療,2000,STOCK
1675,HK.03888,金山軟件,1000,STOCK
1676,HK.03889,大成糖業,2000,STOCK
1677,HK.03893,易緯集團,20000,STOCK
1678,HK.03898,中車時代電氣,500,STOCK
1679,HK.03899,中集安瑞科,2000,STOCK
1680,HK.03900,綠城中國,500,STOCK
1681,HK.03903,瀚華金控,2000,STOCK
1682,HK.03908,中金公司,400,STOCK
1683,HK.03918,金界控股,2000,STOCK
1684,HK.03933,聯邦制藥,2000,STOCK
1685,HK.03939,萬國國際礦業,2000,STOCK
1686,HK.03948,伊泰煤炭,100,STOCK
1687,HK.03958,東方證券,400,STOCK
1688,HK.03963,融眾金融,1000,STOCK
1689,HK.03966,中國寶豐國際,2000,STOCK
1690,HK.03968,招商銀行,500,STOCK
1691,HK.03969,中國通號,1000,STOCK
1692,HK.03983,中海石油化學,2000,STOCK
1693,HK.03988,中國銀行,1000,STOCK
1694,HK.03989,首創環境,2000,STOCK
1695,HK.03993,洛陽鉬業,3000,STOCK
1696,HK.03996,中國能源建設,2000,STOCK
1697,HK.03998,波司登,2000,STOCK
1698,HK.03999,大成食品,1000,STOCK
1699,HK.04601,BOC 2014 PREF,20000,STOCK
1700,HK.04603,ICBC USDPREF1,10000,STOCK
1701,HK.04604,ICBC EURPREF1,10000,STOCK
1702,HK.04605,BOCOM 15USDPREF,10000,STOCK
1703,HK.04606,CCB 15USDPREF,10000,STOCK
1704,HK.04607,CINDA 16USDPREF,10000,STOCK
1705,HK.04608,HSBNK 16USDPREF,10000,STOCK
1706,HK.04609,CMBC 16USDPREF,10000,STOCK
1707,HK.06030,中信証券,500,STOCK
1708,HK.06066,中信建投証券,500,STOCK
1709,HK.06068,睿見教育,2000,STOCK
1710,HK.06099,招商證券,200,STOCK
1711,HK.06108,新銳醫藥,8000,STOCK
1712,HK.06116,拉夏貝爾,200,STOCK
1713,HK.06118,奧星生命科技,1000,STOCK
1714,HK.06122,九台農商銀行,1000,STOCK
1715,HK.06123,先達國際物流,2000,STOCK
1716,HK.06128,泛亞國際,2000,STOCK
1717,HK.06133,維太移動,1000,STOCK
1718,HK.06136,康達環保,1000,STOCK
1719,HK.06138,哈爾濱銀行,1000,STOCK
1720,HK.06139,金茂酒店—SS,500,STOCK
1721,HK.06161,泰加保險,2000,STOCK
1722,HK.06163,彭順國際,2000,STOCK
1723,HK.06166,中國宏泰發展,1000,STOCK
1724,HK.06168,中國優通,5000,STOCK
1725,HK.06169,宇華教育,2000,STOCK
1726,HK.06178,光大證券,200,STOCK
1727,HK.06183,中國綠寶,1000,STOCK
1728,HK.06188,迪信通,500,STOCK
1729,HK.06189,愛得威建設集團,500,STOCK
1730,HK.06196,鄭州銀行,1000,STOCK
1731,HK.06198,青島港,1000,STOCK
1732,HK.06288,迅銷,300,STOCK
1733,HK.06388,COACH,100,STOCK
1734,HK.06808,高鑫零售,500,STOCK
1735,HK.06816,PROSPER CONS,2000,STOCK
1736,HK.06818,中國光大銀行,1000,STOCK
1737,HK.06822,科勁國際,4000,STOCK
1738,HK.06823,香港電訊—SS,1000,STOCK
1739,HK.06826,昊海生物科技,100,STOCK
1740,HK.06828,北京燃氣藍天,8000,STOCK
1741,HK.06830,華眾車載,2000,STOCK
1742,HK.06833,興科蓉醫藥,4000,STOCK
1743,HK.06836,天韻國際控股,2000,STOCK
1744,HK.06837,海通證券,400,STOCK
1745,HK.06838,盈利時,2000,STOCK
1746,HK.06839,雲南水務,1000,STOCK
1747,HK.06858,本間高爾夫,500,STOCK
1748,HK.06863,輝山乳業,1000,STOCK
1749,HK.06865,福萊特玻璃,1000,STOCK
1750,HK.06866,佐力小貸,2000,STOCK
1751,HK.06868,天福,1000,STOCK
1752,HK.06869,長飛光纖光纜,500,STOCK
1753,HK.06878,鼎豐集團控股,2000,STOCK
1754,HK.06880,騰邦控股,2000,STOCK
1755,HK.06881,中國銀河,500,STOCK
1756,HK.06882,東瀛遊,2000,STOCK
1757,HK.06886,華泰證券,200,STOCK
1758,HK.06888,英達公路再生科技,1000,STOCK
1759,HK.06889,Dynam,200,STOCK
1760,HK.06893,衍生集團,2000,STOCK
1761,HK.06896,金嗓子,500,STOCK
1762,HK.06898,中國鋁罐,2000,STOCK
1763,HK.06899,聯眾,1000,STOCK
1764,HK.07200,FL二南方恆指,0,STOCK
1765,HK.07288,FL二南方國指,0,STOCK
1766,HK.07300,FI南方恆指,0,STOCK
1767,HK.07388,FI南方國指,0,STOCK
1768,HK.44002,,0,STOCK
1769,HK.44003,,0,STOCK
1770,HK.44006,,0,STOCK
1771,HK.80737,合和公路基建—R,500,STOCK
1772,HK.84602,ICBC CNHPREF1-R,10000,STOCK
1773,HK.03869,弘和仁愛醫療,200,STOCK
1774,HK.08001,東方匯財證券,4000,STOCK
1775,HK.08003,世大控股,2000,STOCK
1776,HK.08005,裕興科技,2000,STOCK
1777,HK.08006,華泰瑞銀,10000,STOCK
1778,HK.08007,環球戰略集團,10000,STOCK
1779,HK.08008,新意網集團,1000,STOCK
1780,HK.08009,華夏能源控股,20000,STOCK
1781,HK.08011,百田石油,20000,STOCK
1782,HK.08012,環宇物流(亞洲),8000,STOCK
1783,HK.08013,ECI TECH,20000,STOCK
1784,HK.08016,長虹佳華,2000,STOCK
1785,HK.08018,匯財金融投資,10000,STOCK
1786,HK.08019,皓文控股,20000,STOCK
1787,HK.08020,宏海控股集團,10000,STOCK
1788,HK.08021,匯隆控股,10000,STOCK
1789,HK.08022,永耀集團控股,3000,STOCK
1790,HK.08023,鄺文記,6000,STOCK
1791,HK.08025,亞洲資產,2000,STOCK
1792,HK.08026,長達健康,1000,STOCK
1793,HK.08027,吉輝控股,5000,STOCK
1794,HK.08028,天時軟件,20000,STOCK
1795,HK.08029,太陽國際,5000,STOCK
1796,HK.08030,匯聯金融服務,5000,STOCK
1797,HK.08031,易通訊集團,2000,STOCK
1798,HK.08032,非凡中國,8000,STOCK
1799,HK.08033,愛達利網絡,2000,STOCK
1800,HK.08035,駿高控股,10000,STOCK
1801,HK.08037,銳康藥業,20000,STOCK
1802,HK.08038,金力集團,2000,STOCK
1803,HK.08039,KNK HOLDINGS,8000,STOCK
1804,HK.08041,薈萃國際(控股),20000,STOCK
1805,HK.08045,南大蘇富特,6000,STOCK
1806,HK.08046,恒芯中國,4000,STOCK
1807,HK.08047,中國海洋捕撈,4000,STOCK
1808,HK.08048,御德國際控股,2000,STOCK
1809,HK.08049,吉林長龍藥業,4000,STOCK
1810,HK.08050,雲博產業,2000,STOCK
1811,HK.08051,訊智海(新),200,STOCK
1812,HK.08052,陸慶娛樂,10000,STOCK
1813,HK.08053,比優集團,20000,STOCK
1814,HK.08055,中國網絡教育,8000,STOCK
1815,HK.08056,飲食概念,5000,STOCK
1816,HK.08057,麥迪森酒業,4000,STOCK
1817,HK.08058,羅欣藥業,2000,STOCK
1818,HK.08059,朝威控股,5000,STOCK
1819,HK.08060,國聯通信,10000,STOCK
1820,HK.08061,光亞,20000,STOCK
1821,HK.08062,俊盟國際,5000,STOCK
1822,HK.08063,環球大通集團,50000,STOCK
1823,HK.08066,品創控股,5000,STOCK
1824,HK.08067,東方大學城控股,1000,STOCK
1825,HK.08069,縱橫遊控股,5000,STOCK
1826,HK.08070,僑洋國際控股,5000,STOCK
1827,HK.08071,中彩網通控股,5000,STOCK
1828,HK.08072,羅馬集團,20000,STOCK
1829,HK.08075,寰亞傳媒,4000,STOCK
1830,HK.08076,新利軟件,5000,STOCK
1831,HK.08077,昆侖國際金融,5000,STOCK
1832,HK.08078,HMV數碼中國,20000,STOCK
1833,HK.08079,易還財務投資,5000,STOCK
1834,HK.08080,北亞策略,8000,STOCK
1835,HK.08081,互娛中國,10000,STOCK
1836,HK.08082,仁智國際集團,5000,STOCK
1837,HK.08083,中國創新支付,4000,STOCK
1838,HK.08085,香港生命科學,4000,STOCK
1839,HK.08086,DX﹒COM控股,8000,STOCK
1840,HK.08087,中國三三傳媒,20000,STOCK
1841,HK.08088,滙友科技控股,8000,STOCK
1842,HK.08089,華人策略控股,2000,STOCK
1843,HK.08090,中國融保金融集團,2000,STOCK
1844,HK.08091,奧傳思維控股,10000,STOCK
1845,HK.08092,ITE HOLDINGS,4000,STOCK
1846,HK.08093,愛特麗皮革,5000,STOCK
1847,HK.08095,北大青鳥環宇,1000,STOCK
1848,HK.08096,瑞豐石化,8000,STOCK
1849,HK.08097,鼎石資本,5000,STOCK
1850,HK.08098,昌利控股,10000,STOCK
1851,HK.08100,智易控股,6000,STOCK
1852,HK.08101,家夢控股,4000,STOCK
1853,HK.08102,利寶閣集團,10000,STOCK
1854,HK.08103,萬泰企業股份,20000,STOCK
1855,HK.08106,浙大蘭德,5000,STOCK
1856,HK.08108,福澤集團,2000,STOCK
1857,HK.08109,麒麟集團控股,15000,STOCK
1858,HK.08111,中科光電,5000,STOCK
1859,HK.08112,FOCUS MEDIA,4800,STOCK
1860,HK.08113,揚宇科技,10000,STOCK
1861,HK.08115,上海青浦消防,4000,STOCK
1862,HK.08116,中國幸福投資,20000,STOCK
1863,HK.08117,中國基礎能源,10000,STOCK
1864,HK.08119,即時科研,10000,STOCK
1865,HK.08120,國農金融投資,20000,STOCK
1866,HK.08121,超凡網絡,10000,STOCK
1867,HK.08122,德萊建業,8000,STOCK
1868,HK.08123,首華財經網絡,6000,STOCK
1869,HK.08125,仁德資源,4000,STOCK
1870,HK.08126,G﹒A﹒控股,4000,STOCK
1871,HK.08127,雲裳衣,1000,STOCK
1872,HK.08128,中國地能,8000,STOCK
1873,HK.08129,中國生物資源,20000,STOCK
1874,HK.08130,智城控股,20000,STOCK
1875,HK.08131,辰罡科技,2000,STOCK
1876,HK.08132,中油港燃,20000,STOCK
1877,HK.08133,鑄能控股,20000,STOCK
1878,HK.08135,正美豐業,5000,STOCK
1879,HK.08137,洪橋集團,2000,STOCK
1880,HK.08138,同仁堂國藥,1000,STOCK
1881,HK.08139,長安仁恒,500,STOCK
1882,HK.08141,應力控股,10000,STOCK
1883,HK.08143,華夏醫療,4000,STOCK
1884,HK.08145,電訊首科,2000,STOCK
1885,HK.08147,匯思太平洋,4000,STOCK
1886,HK.08148,奧栢中國,20000,STOCK
1887,HK.08149,浩德控股,10000,STOCK
1888,HK.08150,無縫綠色,10000,STOCK
1889,HK.08153,科地農業,5000,STOCK
1890,HK.08155,南華資產控股,8000,STOCK
1891,HK.08156,眾彩股份,5000,STOCK
1892,HK.08157,象興國際,20000,STOCK
1893,HK.08158,中國再生醫學,5000,STOCK
1894,HK.08159,輝煌科技,5000,STOCK
1895,HK.08160,GOLDWAY EDU,12000,STOCK
1896,HK.08161,醫匯集團,10000,STOCK
1897,HK.08162,港銀控股,10000,STOCK
1898,HK.08163,萬德金融,20000,STOCK
1899,HK.08165,華普智通,10000,STOCK
1900,HK.08166,中國農業生態,20000,STOCK
1901,HK.08167,中國新電信,4000,STOCK
1902,HK.08169,環康集團,10000,STOCK
1903,HK.08170,KSL,4000,STOCK
1904,HK.08171,中國趨勢,160000,STOCK
1905,HK.08172,拉近網娛,20000,STOCK
1906,HK.08173,萬亞企業控股,40000,STOCK
1907,HK.08175,中國數碼文化,10000,STOCK
1908,HK.08176,航空互聯,5000,STOCK
1909,HK.08177,REF Holdings,5000,STOCK
1910,HK.08178,中國信息科技,24000,STOCK
1911,HK.08179,新煮意控股,12000,STOCK
1912,HK.08181,港深聯合,8000,STOCK
1913,HK.08182,中國糖果,10000,STOCK
1914,HK.08183,尚捷集團控股,5000,STOCK
1915,HK.08186,同仁資源,20000,STOCK
1916,HK.08187,永駿國際控股,5000,STOCK
1917,HK.08188,駿傑集團控股,4000,STOCK
1918,HK.08189,泰達生物,5000,STOCK
1919,HK.08190,康佰控股,10000,STOCK
1920,HK.08191,鴻偉亞洲,6000,STOCK
1921,HK.08192,環球能源資源,12000,STOCK
1922,HK.08193,漢華專業服務,5000,STOCK
1923,HK.08195,樂亞國際,8000,STOCK
1924,HK.08196,建禹集團,4000,STOCK
1925,HK.08197,東北虎藥業,10000,STOCK
1926,HK.08198,新濠環彩,4000,STOCK
1927,HK.08200,修身堂,40000,STOCK
1928,HK.08201,寶聯控股,20000,STOCK
1929,HK.08202,匯創控股,10000,STOCK
1930,HK.08203,凱順能源(新),10000,STOCK
1931,HK.08205,交大慧谷,4000,STOCK
1932,HK.08206,神通機器人教育,1000,STOCK
1933,HK.08207,中國信貸,4000,STOCK
1934,HK.08211,浙江永隆實業,10000,STOCK
1935,HK.08212,譽滿國際控股,8000,STOCK
1936,HK.08213,惟膳,10000,STOCK
1937,HK.08215,第一信用,20000,STOCK
1938,HK.08216,百本醫護,8000,STOCK
1939,HK.08217,聯旺集團,10000,STOCK
1940,HK.08218,毅高國際控股,4000,STOCK
1941,HK.08220,比高集團,20000,STOCK
1942,HK.08221,PF GROUP,20000,STOCK
1943,HK.08222,壹照明,4000,STOCK
1944,HK.08225,中國醫療集團,20000,STOCK
1945,HK.08226,中昱科技,4000,STOCK
1946,HK.08227,海天天綫控股,4000,STOCK
1947,HK.08228,國藝娛樂,20000,STOCK
1948,HK.08229,FUTURE DATA,5000,STOCK
1949,HK.08230,中國宇天,5000,STOCK
1950,HK.08231,節能元件,10000,STOCK
1951,HK.08232,CLASSIFIED GP,5000,STOCK
1952,HK.08233,中國基建港口,4000,STOCK
1953,HK.08235,賽迪顧問,10000,STOCK
1954,HK.08236,寶德科技集團,1000,STOCK
1955,HK.08237,華星控股,2000,STOCK
1956,HK.08238,惠陶集團,8000,STOCK
1957,HK.08239,首都金融控股,2000,STOCK
1958,HK.08240,展程控股,10000,STOCK
1959,HK.08242,宏創高科,10000,STOCK
1960,HK.08243,大賀傳媒,5000,STOCK
1961,HK.08245,安悅國際控股,5000,STOCK
1962,HK.08246,北方新能源,8000,STOCK
1963,HK.08247,中生北控生物科技,2000,STOCK
1964,HK.08248,豐展控股,10000,STOCK
1965,HK.08249,瑞遠智控,5000,STOCK
1966,HK.08250,絲路能源,20000,STOCK
1967,HK.08251,優越集團控股,10000,STOCK
1968,HK.08255,神州數字,6000,STOCK
1969,HK.08256,金利通,4000,STOCK
1970,HK.08258,西北實業,10000,STOCK
1971,HK.08260,銀合控股,10000,STOCK
1972,HK.08261,海天能源,8000,STOCK
1973,HK.08262,宏強控股,10000,STOCK
1974,HK.08265,宏峰太平洋,4000,STOCK
1975,HK.08266,金達集團國際,16000,STOCK
1976,HK.08267,藍港互動,500,STOCK
1977,HK.08268,迪臣建設,8000,STOCK
1978,HK.08269,富譽控股,10000,STOCK
1979,HK.08270,中國煤層氣,40000,STOCK
1980,HK.08271,環球數碼創意,2000,STOCK
1981,HK.08272,華人飲食集團,20000,STOCK
1982,HK.08273,浙江展望,2000,STOCK
1983,HK.08277,駿東控股,2000,STOCK
1984,HK.08278,CMON,10000,STOCK
1985,HK.08279,亞博科技控股,4000,STOCK
1986,HK.08280,中國數字視頻,2000,STOCK
1987,HK.08281,中國金典集團,8000,STOCK
1988,HK.08282,智傲控股,4000,STOCK
1989,HK.08283,正力控股,5000,STOCK
1990,HK.08286,長城微光,5000,STOCK
1991,HK.08290,亞勢備份,10000,STOCK
1992,HK.08292,盛良物流,10000,STOCK
1993,HK.08293,星亞控股,5000,STOCK
1994,HK.08295,中植資本國際,20000,STOCK
1995,HK.08296,中國生命集團,4000,STOCK
1996,HK.08297,芭迪貝伊,5000,STOCK
1997,HK.08299,大唐潼金,12000,STOCK
1998,HK.08300,皇璽餐飲集團,20000,STOCK
1999,HK.08301,明華科技,8000,STOCK
2000,HK.08302,STOCK8302,1,STOCK
2001,HK.08303,STOCK8303,1,STOCK
2002,HK.08304,STOCK8304,1,STOCK
2003,HK.08306,中國有色金屬,10000,STOCK
2004,HK.08307,密迪斯肌,4000,STOCK
2005,HK.08308,古兜控股,4000,STOCK
2006,HK.08310,大豐港,10000,STOCK
2007,HK.08311,圓美光電,10000,STOCK
2008,HK.08312,中國瀚亞,10000,STOCK
2009,HK.08315,冠輝集團控股,10000,STOCK
2010,HK.08316,柏榮集團控股,10000,STOCK
2011,HK.08317,財華社集團,2000,STOCK
2012,HK.08318,正利控股,20000,STOCK
2013,HK.08319,思博系統,10000,STOCK
2014,HK.08320,沛然環保,10000,STOCK
2015,HK.08321,泰錦控股,10000,STOCK
2016,HK.08325,中國支付通,10000,STOCK
2017,HK.08326,同景新能源,1000,STOCK
2018,HK.08327,泰邦集團,10000,STOCK
2019,HK.08328,信義香港,4000,STOCK
2020,HK.08329,海王英特龍,10000,STOCK
2021,HK.08331,飛尚非金屬,10000,STOCK
2022,HK.08333,阿仕特朗金融,5000,STOCK
2023,HK.08336,電訊數碼控股,1000,STOCK
2024,HK.08337,直通電訊,10000,STOCK
2025,HK.08340,域高金融,10000,STOCK
2026,HK.08341,艾碩控股,5000,STOCK
2027,HK.08342,飛思達科技,5000,STOCK
2028,HK.08343,宏光照明,5000,STOCK
2029,HK.08345,火岩控股,2000,STOCK
2030,HK.08346,創新電子控股,10000,STOCK
2031,HK.08348,濱海泰達物流,2000,STOCK
2032,HK.08349,美固科技控股,10000,STOCK
2033,HK.08351,俊文寶石,20000,STOCK
2034,HK.08352,成安控股,10000,STOCK
2035,HK.08353,安科系統,3000,STOCK
2036,HK.08355,超智能控股,10000,STOCK
2037,HK.08356,中國新華電視,10000,STOCK
2038,HK.08358,卓珈控股,5000,STOCK
2039,HK.08359,HYPEBEAST,20000,STOCK
2040,HK.08360,利駿集團香港,4000,STOCK
2041,HK.08361,中國育兒網絡,2000,STOCK
2042,HK.08363,爵士芭蕾舞學院,2000,STOCK
2043,HK.08366,Fraser Holdings,10000,STOCK
2044,HK.08368,中國創意控股,1000,STOCK
2045,HK.08369,立基工程控股,10000,STOCK
2046,HK.08370,智昇集團控股,8000,STOCK
2047,HK.08407,興證國際,2000,STOCK
2048,HK.08411,K W NELSON GP,10000,STOCK
2049,HK.08415,樂嘉思控股,10000,STOCK
2050,HK.08416,HM INTL HLDGS,5000,STOCK
2051,HK.08417,大地教育,10000,STOCK
2052,HK.08421,永順控股香港,5000,STOCK
2053,HK.08423,CHI HO DEV,10000,STOCK
2054,HK.08425,興銘控股,4000,STOCK
2055,HK.08428,國茂控股,12000,STOCK
2056,HK.08431,浩柏國際,10000,STOCK
2057,HK.08432,太平洋酒吧,10000,STOCK
2058,HK.08442,樺欣控股,500,STOCK
2059,HK.08553,華人飲食(舊),10000,STOCK
2060,HK.08559,富譽控股(舊),5000,STOCK
2061,HK.08561,環球能源資源—舊,4000,STOCK
2062,HK.08563,安悅國際控股—舊,40000,STOCK
2063,HK.08565,凱順能源股權,10000,STOCK
2064,HK.08566,同仁資源(舊),4000,STOCK
2065,HK.08567,品創控股(舊),500,STOCK
2066,HK.08568,智易控股股權,6000,STOCK
2067,HK.08569,寶聯控股股權,20000,STOCK
2068,HK.08570,華普智通股權,10000,STOCK
2069,HK.08571,訊智海(舊),200,STOCK
2070,HK.08572,修身堂股權,40000,STOCK
2071,HK.08573,凱順能源(舊),1000,STOCK
2072,HK.04332,AMGEN-T,10,STOCK
2073,HK.04333,思科—Τ,10,STOCK
2074,HK.04335,英特爾—Τ,10,STOCK
2075,HK.04336,應用材料—Τ,10,STOCK
2076,HK.04337,星巴克—T,20,STOCK
2077,HK.04338,微軟—Τ,10,STOCK
